Recording overview,,Prefix,,day,,,,,Food deprivation,,,,,,,,,,,
,protocol naming system,1) slow_eating + binge_eating,2) drink to binge,01. Oct,,,,,Mild: 4-6 hours,Severe: 24 hours,,,,,,,,,,
Mouse Name,Mouse ID,Genotype,Tg/viral,Session,Recording date,Body_weight,Food_intake_before,Food_intake_after,Food_deprived,Protocols,Imaging?,Flavor 1,Flavor 2,Total_deliveries,Comment,CNMFe processed,Data curation,auROC quality,Used for presentation,Used for publication
Karl-Heinz Leopold,BES0224,CaMK2a-cre; Ai93D,Tg,1,2020.08.06,35,,4,Mild,1_9,FALSE,Strawberry,Water,0,< have imaging but pheno data missing,done,,,,
Karl-Heinz Leopold,BES0224,CaMK2a-cre; Ai93D,Tg,2,2020.08.07,36,4,,Mild,1_5,TRUE,Strawberry,Water,0,,done,,Empty,,
Karl-Heinz Leopold,BES0224,CaMK2a-cre; Ai93D,Tg,3,2020.08.11,34.13,,4.27,Mild,1_2,TRUE,Strawberry,Water,5,,done,,,,
Karl-Heinz Leopold,BES0224,CaMK2a-cre; Ai93D,Tg,4,2020.08.12,33.69,4.27,4.06,Mild,1_3,TRUE,Strawberry,Water,0,,done,,Empty,,
Karl-Heinz Leopold,BES0224,CaMK2a-cre; Ai93D,Tg,5,2020.08.13,33.47,4.06,3.86,Mild,1_4,TRUE,Strawberry,Water,0,,done,,,,
Karl-Heinz Leopold,BES0224,CaMK2a-cre; Ai93D,Tg,6,2020.08.14,33.24,3.86,4.73,Mild,1_10,TRUE,Strawberry,Water,0,,done,,Empty,,
Karl-Heinz Leopold,BES0224,CaMK2a-cre; Ai93D,Tg,7,2020.08.15,33.8,4.73,,Mild,1_1,TRUE,Strawberry,Water,0,,done,,,,
Karl-Heinz Leopold,BES0224,CaMK2a-cre; Ai93D,Tg,8,2020.08.17,34.4,,4.89,Mild,1_6,TRUE,Strawberry,Water,51,,done,,Good,,
Karl-Heinz Leopold,BES0224,CaMK2a-cre; Ai93D,Tg,9,2020.08.18,34.14,4.89,4.16,Mild,1_7,TRUE,Strawberry,Water,196,,done,,Good,Yes,
Karl-Heinz Leopold,BES0224,CaMK2a-cre; Ai93D,Tg,10,2020.08.19,33.99,4.16,3.92,Mild,1_8,TRUE,Strawberry,Water,0,,done,,,,
Karl-Heinz Leopold,BES0224,CaMK2a-cre; Ai93D,Tg,11,2020.08.20,33.94,3.92,3.13,Mild,1_9,TRUE,Strawberry,Water,126,,done,,Good,,
Karl-Heinz Leopold,BES0224,CaMK2a-cre; Ai93D,Tg,12,2020.08.21,33.95,3.13,,Mild,1_10,TRUE,Strawberry,Water,111,,done,,,,
Karl-Heinz Leopold,BES0224,CaMK2a-cre; Ai93D,Tg,13,2020.08.24,33.51,,3.73,Mild,1_1,TRUE,Chocolate,Water,33,,done,,,,
Karl-Heinz Leopold,BES0224,CaMK2a-cre; Ai93D,Tg,14,2020.08.25,34.69,3.73,3.82,Mild,1_2,TRUE,Chocolate,Water,131,,done,,,,
Karl-Heinz Leopold,BES0224,CaMK2a-cre; Ai93D,Tg,15,2020.08.26,33.56,3.82,4.42,Mild,1_3,TRUE,Chocolate,Water,16,,done,,,,
Karl-Heinz Leopold,BES0224,CaMK2a-cre; Ai93D,Tg,16,2020.08.27,33.44,4.42,3.66,Mild,1_4,TRUE,Chocolate,Water,136,,done,,,,
Karl-Heinz Leopold,BES0224,CaMK2a-cre; Ai93D,Tg,17,2020.08.28,34.01,3.66,,Mild,1_5,TRUE,Chocolate,Water,246,,done,,Good,,
Karl-Heinz Leopold,BES0224,CaMK2a-cre; Ai93D,Tg,18,2020.08.31,34.51,,4.09,Mild,1_6,TRUE,Chocolate,Water,73,,done,,,,
Gulliver,BES0225,CaMK2a-cre; Ai93D,Tg,1,2020.09.08,32.02,,3.63,Mild,1_2,TRUE,Strawberry,Water,0,,pnr_10_corr_08_gSig_19,,Empty run,,
Gulliver,BES0225,CaMK2a-cre; Ai93D,Tg,2,2020.09.09,32.33,3.63,4.12,Mild,1_3,TRUE,Strawberry,Water,0,,pnr_10_corr_08_gSig_19,,Empty run,,
Gulliver,BES0225,CaMK2a-cre; Ai93D,Tg,3,2020.09.10,32.72,4.12,4.32,Mild,1_4,TRUE,Strawberry,Water,98,,pnr_10_corr_08_gSig_19,,,,
Gulliver,BES0225,CaMK2a-cre; Ai93D,Tg,4,2020.09.11,31.46,4.32,3.96,Mild,1_5,TRUE,Strawberry,Water,137,,pnr_10_corr_08_gSig_19,,yet done,,
Gulliver,BES0225,CaMK2a-cre; Ai93D,Tg,5,2020.09.12,31.69,3.96,,Mild,1_1,TRUE,Strawberry,Water,46,,pnr_10_corr_08_gSig_19,,Bad,,
Gulliver,BES0225,CaMK2a-cre; Ai93D,Tg,6,2020.09.14,31.84,,3.89,Mild,1_6,TRUE,Strawberry,Water,0,,pnr_10_corr_08_gSig_19,,Empty run,,
Gulliver,BES0225,CaMK2a-cre; Ai93D,Tg,7,2020.09.15,31.93,3.89,3.9,Mild,1_7,TRUE,Strawberry,Water,147,,pnr_10_corr_08_gSig_19,,,,
Gulliver,BES0225,CaMK2a-cre; Ai93D,Tg,8,2020.09.16,31.93,3.9,3.45,Mild,1_8,TRUE,Strawberry,Water,137,,pnr_10_corr_08_gSig_19,,,,
Gulliver,BES0225,CaMK2a-cre; Ai93D,Tg,9,2020.09.17,31.82,3.45,3.72,Mild,1_9,TRUE,Strawberry,Water,132,,pnr_10_corr_08_gSig_19,,,,
Gulliver,BES0225,CaMK2a-cre; Ai93D,Tg,10,2020.09.18,31.77,3.72,,Mild,1_10,TRUE,Strawberry,Water,78,,pnr_10_corr_08_gSig_19,,,,
Gulliver,BES0225,CaMK2a-cre; Ai93D,Tg,11,2020.09.21,32.01,,3.2,Mild,1_1,TRUE,Chocolate,Water,115,,pnr_10_corr_08_gSig_19,,yet done,,
Gulliver,BES0225,CaMK2a-cre; Ai93D,Tg,12,2020.09.23,30.64,3.2,4.04,Mild,1_3,FALSE,Chocolate,Water,0,< LED failed,,,,,
Gulliver,BES0225,CaMK2a-cre; Ai93D,Tg,13,2020.09.24,32.15,4.04,3.85,Mild,1_4,TRUE,Chocolate,Water,4,,pnr_10_corr_08_gSig_19,,,,
Gulliver,BES0225,CaMK2a-cre; Ai93D,Tg,14,2020.09.25,31.76,3.85,3.44,Mild,1_5,TRUE,Chocolate,Water,176,,pnr_10_corr_08_gSig_19,,,,
Gulliver,BES0225,CaMK2a-cre; Ai93D,Tg,15,2020.09.26,31.51,3.44,,Mild,1_2,TRUE,Chocolate,Water,93,,pnr_10_corr_08_gSig_19,,,,
Gulliver,BES0225,CaMK2a-cre; Ai93D,Tg,16,2020.09.28,31.31,,3.71,Mild,1_6,TRUE,Chocolate,Water,120,,pnr_10_corr_08_gSig_19,,,,
Gulliver,BES0225,CaMK2a-cre; Ai93D,Tg,17,2020.09.29,31.51,3.71,2.91,Mild,1_7,TRUE,Chocolate,Water,141,,pnr_10_corr_08_gSig_19,,,,
Gulliver,BES0225,CaMK2a-cre; Ai93D,Tg,18,2020.09.30,31.12,2.91,3.33,Mild,1_8,TRUE,Chocolate,Water,103,,pnr_10_corr_08_gSig_19,,,,
Gulliver,BES0225,CaMK2a-cre; Ai93D,Tg,19,2020.10.01,30.79,3.33,3.41,Mild,1_9,TRUE,Chocolate,Water,17,,pnr_10_corr_08_gSig_19,,,,
Gulliver,BES0225,CaMK2a-cre; Ai93D,Tg,20,2020.10.02,31.57,3.41,,Mild,1_10,TRUE,Chocolate,Water,192,,pnr_10_corr_08_gSig_19,,Median,,
Gulliver,BES0225,CaMK2a-cre; Ai93D,Tg,21,2020.10.05,31.42,,2.86,Mild,1_1,TRUE,Chocolate,Water,421,,new_pnr10_corr_08_diam_9,,,,
Gulliver,BES0225,CaMK2a-cre; Ai93D,Tg,22,2020.10.06,31.13,2.86,3.67,Mild,1_2,TRUE,Chocolate,Water,272,,pnr_10_corr_08_gSig_19,,Median,,
Gulliver,BES0225,CaMK2a-cre; Ai93D,Tg,23,2020.10.07,31.73,3.67,3.73,Mild,1_3,TRUE,Strawberry,Water,160,,pnr_10_corr_08_gSig_19,,Good,Yes,
Gulliver,BES0225,CaMK2a-cre; Ai93D,Tg,24,2020.10.08,31.63,3.73,,Mild,1_4,TRUE,Strawberry,Water,0,,new_pnr10_corr_08_diam_9,,,,
Friedelbert,BES0233,CaMK2a-cre; Ai93D,Tg,-,2020.09.08,32.42,,3.54,Mild,1_2,FALSE,Strawberry,Water,70,,pnr_10_corr_08_gSig_19,,"< GPIO singal missing on GPIO2, behavior is good but only 28 cells, discarded",,
Friedelbert,BES0233,CaMK2a-cre; Ai93D,Tg,1,2020.09.09,31.72,3.54,3.36,Mild,1_3,TRUE,Strawberry,Water,63,,pnr_10_corr_08_gSig_19,,,,
Friedelbert,BES0233,CaMK2a-cre; Ai93D,Tg,2,2020.09.10,31.35,3.36,3.83,Mild,1_4,TRUE,Strawberry,Water,75,,pnr_10_corr_08_gSig_19,,,,
Friedelbert,BES0233,CaMK2a-cre; Ai93D,Tg,3,2020.09.11,30.93,3.83,3.75,Mild,1_5,TRUE,Strawberry,Water,162,,pnr_10_corr_08_gSig_19,,,,
Friedelbert,BES0233,CaMK2a-cre; Ai93D,Tg,4,2020.09.12,31.13,3.75,,Mild,1_1,TRUE,Strawberry,Water,103,,pnr_10_corr_08_gSig_19,,Good,Yes,
Friedelbert,BES0233,CaMK2a-cre; Ai93D,Tg,5,2020.09.14,31.2,,3.45,Mild,1_6,TRUE,Strawberry,Water,93,,pnr_10_corr_08_gSig_19,,,,
Friedelbert,BES0233,CaMK2a-cre; Ai93D,Tg,6,2020.09.15,31.11,3.45,4.39,Mild,1_7,TRUE,Strawberry,Water,59,,pnr_10_corr_08_gSig_19,,,,
Friedelbert,BES0233,CaMK2a-cre; Ai93D,Tg,7,2020.09.16,31.31,4.39,4.12,Mild,1_8,TRUE,Strawberry,Water,22,,pnr_10_corr_08_gSig_19,,Empty run,,
Friedelbert,BES0233,CaMK2a-cre; Ai93D,Tg,8,2020.09.17,31.29,4.12,3.53,Mild,1_9,TRUE,Strawberry,Water,14,,pnr_10_corr_08_gSig_19,,Empty run,,
Friedelbert,BES0233,CaMK2a-cre; Ai93D,Tg,9,2020.09.18,30.9,3.53,,Mild,1_10,TRUE,Strawberry,Water,93,,pnr_10_corr_08_gSig_19,,,,
Friedelbert,BES0233,CaMK2a-cre; Ai93D,Tg,10,2020.09.21,31.05,,3.43,Mild,1_1,TRUE,Chocolate,Water,153,,pnr_10_corr_08_gSig_19,,,,
Friedelbert,BES0233,CaMK2a-cre; Ai93D,Tg,-,2020.09.23,30.27,3.71,3.13,Mild,1_3,FALSE,Chocolate,Water,,< LED failed,-,,,,
Friedelbert,BES0233,CaMK2a-cre; Ai93D,Tg,11,2020.09.24,30.62,3.13,3.41,Mild,1_4,TRUE,Chocolate,Water,59,,pnr_10_corr_08_gSig_19,,,,
Friedelbert,BES0233,CaMK2a-cre; Ai93D,Tg,12,2020.09.25,30.48,3.41,3.54,Mild,1_5,TRUE,Chocolate,Water,98,,pnr_10_corr_08_gSig_19,,,,
Friedelbert,BES0233,CaMK2a-cre; Ai93D,Tg,13,2020.09.26,30.21,3.54,,Mild,1_2,TRUE,Chocolate,Water,123,,pnr_10_corr_08_gSig_19,,,,
Friedelbert,BES0233,CaMK2a-cre; Ai93D,Tg,14,2020.09.28,30.71,,4.04,Mild,1_6,TRUE,Chocolate,Water,20,,pnr_10_corr_08_gSig_19,,Empty run,,
Friedelbert,BES0233,CaMK2a-cre; Ai93D,Tg,15,2020.09.29,30.37,4.04,3.13,Mild,1_7,TRUE,Chocolate,Water,232,,pnr_10_corr_08_gSig_19,,,,
Friedelbert,BES0233,CaMK2a-cre; Ai93D,Tg,16,2020.09.30,29.85,3.13,1.53,Mild,1_8,TRUE,Chocolate,Water,122,,pnr_10_corr_08_gSig_19,,,,
Friedelbert,BES0233,CaMK2a-cre; Ai93D,Tg,17,2020.10.01,29.89,1.53,2.12,Mild,1_9,TRUE,Chocolate,Water,275,,pnr_10_corr_08_gSig_19,,,,
Friedelbert,BES0233,CaMK2a-cre; Ai93D,Tg,18,2020.10.02,29.14,2.12,,Mild,1_10,TRUE,Chocolate,Water,236,,pnr_10_corr_08_gSig_19,,,,
Friedelbert,BES0233,CaMK2a-cre; Ai93D,Tg,19,2020.10.05,30.61,,3.51,Mild,1_1,TRUE,Chocolate,Water,326,,pnr_10_corr_08_gSig_19,,,,
Friedelbert,BES0233,CaMK2a-cre; Ai93D,Tg,20,2020.10.06,30.21,3.51,3.55,Mild,1_2,TRUE,Chocolate,Water,158,,pnr_10_corr_08_gSig_19,,,,
Friedelbert,BES0233,CaMK2a-cre; Ai93D,Tg,21,2020.10.07,30.23,3.55,3.63,Mild,1_3,TRUE,Strawberry,Water,127,,pnr_10_corr_08_gSig_19,,,,
Friedelbert,BES0233,CaMK2a-cre; Ai93D,Tg,22,2020.10.08,30.43,3.63,,Mild,1_4,TRUE,Strawberry,Water,101,,pnr_10_corr_08_gSig_19,,,,
Günther,BES0417,CaMK2a-cre; Ai93D,Tg,1,2020.12.28,25.09,,3.78,Mild,2_1,TRUE,Strawberry,Water,17,,-?,,Median,,
Günther,BES0417,CaMK2a-cre; Ai93D,Tg,2,2020.12.29,24.66,3.78,4.57,Mild,1_2,TRUE,Strawberry,Water,2,< probably wrong spout?,,,,,
Günther,BES0417,CaMK2a-cre; Ai93D,Tg,3,2020.12.30,24.47,4.57,0,None,2_3,TRUE,Strawberry,Water,7,,,,,,
Günther,BES0417,CaMK2a-cre; Ai93D,Tg,4,2020.12.31,23.47,0,,Severe,2_4,FALSE,Strawberry,Water,15,"< no more food intake, epileptic",,,,,
Günther,BES0417,CaMK2a-cre; Ai93D,Tg,5,2021.01.04,24.61,,3.79,Mild,2_6,TRUE,Strawberry,Water,,,pnr_10_corr_08_gSig_19,,,,
Günther,BES0417,CaMK2a-cre; Ai93D,Tg,6,2021.01.05,25.03,3.79,3.92,Mild,2_7,TRUE,Strawberry,Water,,,new_pnr10_corr_08_diam_9,,,,
Günther,BES0417,CaMK2a-cre; Ai93D,Tg,7,2021.01.06,24.54,3.92,0,None,2_8,TRUE,Chocolate,Water,,,new_pnr10_corr_08_diam_9,,,,
Günther,BES0417,CaMK2a-cre; Ai93D,Tg,8,2021.01.07,23.83,0,5.01,Severe,2_9,TRUE,Chocolate,Water,108,< finally start drinking,pnr_10_corr_08_gSig_19,,,,
Günther,BES0417,CaMK2a-cre; Ai93D,Tg,9,2021.01.08,24.62,5.01,,Mild,2_10,TRUE,Chocolate,Water,114,,pnr_10_corr_08_gSig_19,,,,
Günther,BES0417,CaMK2a-cre; Ai93D,Tg,10,2021.01.11,25.22,,4.05,Mild,2_1,TRUE,Chocolate,Water,94,,,,,,
Günther,BES0417,CaMK2a-cre; Ai93D,Tg,11,2021.01.12,25.26,4.05,3.72,Mild,2_2,TRUE,Chocolate,Sucrose,132,,pnr_10_corr_08_gSig_19,,,,
Günther,BES0417,CaMK2a-cre; Ai93D,Tg,12,2021.01.13,24.92,3.72,3.43,Mild,2_3,TRUE,Chocolate,Water,136,,pnr_10_corr_08_gSig_19,,,,
Günther,BES0417,CaMK2a-cre; Ai93D,Tg,13,2021.01.14,24.58,3.43,0,None,2_4,TRUE,Sucrose,Chocolate,74,"< can't really binge sucrose, but can also be no fasting effect",pnr_10_corr_08_gSig_19,,,,
Günther,BES0417,CaMK2a-cre; Ai93D,Tg,14,2021.01.15,23.79,0,,Severe,2_5,TRUE,Chocolate,Water,201,Good,pnr_10_corr_08_gSig_19,,,,
Günther,BES0417,CaMK2a-cre; Ai93D,Tg,15,2021.01.18,25.01,,3.05,Mild,2_6,TRUE,Chocolate,Water,117,,pnr_10_corr_08_gSig_19,,,,
Günther,BES0417,CaMK2a-cre; Ai93D,Tg,16,2021.01.19,24.93,3.05,3.3,Mild,2_7,TRUE,Chocolate,Water,120,"< try again, early exp start at 8:15 am",pnr_10_corr_08_gSig_19,,,,
Günther,BES0417,CaMK2a-cre; Ai93D,Tg,17,2021.01.20,25.07,3.3,,Mild,1_8,TRUE,Chocolate,Water,168,,pnr_10_corr_08_gSig_19,,,,
Günther,BES0417,CaMK2a-cre; Ai93D,Tg,18,2021.01.22,25.18,,0,None,1_10,TRUE,Sucrose,Chocolate,58,,pnr_10_corr_08_gSig_19,,,,
Günther,BES0417,CaMK2a-cre; Ai93D,Tg,19,2021.01.23,23.63,0,4.39,Severe,1_9,TRUE,Chocolate,Water,340,,pnr_10_corr_08_gSig_19,,,,
Günther,BES0417,CaMK2a-cre; Ai93D,Tg,20,2021.01.24,24.48,4.39,4.38,Mild,1_1,TRUE,Strawberry,Water,286,,pnr_10_corr_08_gSig_19,,,,
Günther,BES0417,CaMK2a-cre; Ai93D,Tg,21,2021.01.25,24.83,4.38,3.53,Mild,1_1,TRUE,Strawberry,Water,150,,pnr_10_corr_08_gSig_19,,,,
Günther,BES0417,CaMK2a-cre; Ai93D,Tg,22,2021.01.26,24.94,3.53,3.99,Mild,1_2,TRUE,Strawberry,Chocolate,112,,pnr_10_corr_08_gSig_19,,,,
Günther,BES0417,CaMK2a-cre; Ai93D,Tg,23,2021.01.27,25.12,3.99,4.07,Mild,1_3,TRUE,Strawberry,Vanilla,61,,pnr_10_corr_08_gSig_19,,,,
Günther,BES0417,CaMK2a-cre; Ai93D,Tg,24,2021.01.28,24.96,4.07,3.74,Mild,1_4,TRUE,Chocolate,Strawberry,71,,pnr_10_corr_08_gSig_19,,,,
Günther,BES0417,CaMK2a-cre; Ai93D,Tg,25,2021.01.29,24.62,3.74,3.24,Mild,1_5,TRUE,Strawberry,Chocolate,180,,pnr_10_corr_08_gSig_19,,,,
Günther,BES0417,CaMK2a-cre; Ai93D,Tg,26,2021.01.30,24.63,3.24,,Mild,1_5,TRUE,Banana,Vanilla,38,,pnr_10_corr_08_gSig_19,,,,
Heino,DSC012019,PV-Cre,viral,1,2020.08.06,27,3,4,Mild,1_9,TRUE,Strawberry,Water,18,,Pnr_10_corr_08 (gSig_17),,,,
Heino,DSC012019,PV-Cre,viral,2,2020.08.07,27,4,,Mild,1_5,TRUE,Strawberry,Water,129,,Pnr_10_corr_08 (gSig_17),,,,
Heino,DSC012019,PV-Cre,viral,3,2020.08.11,27.28,,3.78,Mild,1_2,TRUE,Strawberry,Water,128,,Pnr_10_corr_08 (gSig_17),,,,
Heino,DSC012019,PV-Cre,viral,4,2020.08.12,26.87,3.78,3.22,Mild,1_3,TRUE,Strawberry,Water,221,,Pnr_10_corr_08 (gSig_17),,,,
Heino,DSC012019,PV-Cre,viral,5,2020.08.13,26.75,3.22,3.38,Mild,1_4,TRUE,Strawberry,Water,304,,Pnr_10_corr_08 (gSig_17),,,,
Heino,DSC012019,PV-Cre,viral,6,2020.08.14,26.36,3.38,3.95,Mild,1_10,TRUE,Strawberry,Water,318,,Pnr_10_corr_08 (gSig_17),,,,
Heino,DSC012019,PV-Cre,viral,7,2020.08.15,26.4,3.95,,Mild,1_1,TRUE,Strawberry,Water,317,,Pnr_10_corr_08 (gSig_17),,,,
Heino,DSC012019,PV-Cre,viral,8,2020.08.17,26.86,,4.51,Mild,1_6,TRUE,Strawberry,Water,308,,Pnr_10_corr_08 (gSig_17),,,,
Heino,DSC012019,PV-Cre,viral,9,2020.08.18,26.61,4.51,4.19,Mild,1_7,TRUE,Strawberry,Water,329,,Pnr_10_corr_08 (gSig_17),,,,
Heino,DSC012019,PV-Cre,viral,10,2020.08.19,27.3,4.19,3.19,Mild,1_8,TRUE,Strawberry,Water,266,,Pnr_10_corr_08 (gSig_17),,,,
Heino,DSC012019,PV-Cre,viral,11,2020.08.20,27.55,3.19,3.42,Mild,1_9,TRUE,Strawberry,Water,324,,Pnr_10_corr_08 (gSig_17),,,,
Heino,DSC012019,PV-Cre,viral,12,2020.08.21,27.43,3.42,,Mild,1_10,TRUE,Strawberry,Water,330,,Pnr_10_corr_08 (gSig_17),,,,
Heino,DSC012019,PV-Cre,viral,13,2020.08.24,27.27,,3.62,Mild,1_1,TRUE,Chocolate,Water,229,,Pnr_10_corr_08 (gSig_17),,,,
Heino,DSC012019,PV-Cre,viral,14,2020.08.25,28.11,3.62,3.39,Mild,1_2,TRUE,Chocolate,Water,291,,Pnr_10_corr_08 (gSig_17),,,,
Heino,DSC012019,PV-Cre,viral,15,2020.08.26,27.07,3.39,4.51,Mild,1_3,TRUE,Chocolate,Water,220,,Pnr_10_corr_08 (gSig_17),,,,
Heino,DSC012019,PV-Cre,viral,16,2020.08.27,27.48,4.51,4.53,Mild,1_4,TRUE,Chocolate,Water,310,,Pnr_10_corr_08 (gSig_17),,,,
Heino,DSC012019,PV-Cre,viral,17,2020.08.28,28.58,4.53,,Mild,1_5,TRUE,Chocolate,Water,294,,Pnr_10_corr_08 (gSig_17),,,,
Heino,DSC012019,PV-Cre,viral,18,2020.08.31,28.52,,4.7,Mild,1_6,TRUE,Chocolate,Water,294,,Pnr_10_corr_08 (gSig_17),,,,
Heino,DSC012019,PV-Cre,viral,19,2020.09.01,28.48,4.7,,Mild,1_7,TRUE,Chocolate,Water,255,,Pnr_10_corr_08 (gSig_17),,,,
Franz,DSC012486,PV-Cre,viral,1,2020.10.26,34.21,,4.25,Mild,1_1,TRUE,Strawberry,Water,120,,Pnr_10_corr_08,,,,
Franz,DSC012486,PV-Cre,viral,2,2020.10.27,33.42,4.25,4.49,Mild,1_2,TRUE,Strawberry,Water,202,< 2x spatial down sampling,Pnr_10_corr_08,,,,
Franz,DSC012486,PV-Cre,viral,3,2020.10.28,33.97,4.49,3.92,Mild,1_3,TRUE,Strawberry,Water,230,,Pnr_10_corr_08,,,,
Franz,DSC012486,PV-Cre,viral,4,2020.10.29,33.35,3.92,3.58,Mild,1_4,TRUE,Strawberry,Water,309,,,,,,
Franz,DSC012486,PV-Cre,viral,5,2020.10.30,32.66,3.58,,Mild,1_5,TRUE,Strawberry,Water,308,,Pnr_10_corr_08,,,,
Franz,DSC012486,PV-Cre,viral,6,2020.11.02,33.09,,5.01,Mild,1_6,TRUE,Strawberry,Water,302,,No cell,,,,
Franz,DSC012486,PV-Cre,viral,7,2020.11.04,33.88,5.01,3.55,Mild,1_8,TRUE,Strawberry,Water,283,,,,,,
Franz,DSC012486,PV-Cre,viral,8,2020.11.05,32.95,3.55,4.27,Mild,1_9,TRUE,Empty,Empty,24,,No cell,,Empty run,,
Franz,DSC012486,PV-Cre,viral,9,2020.11.06,33.61,4.27,,Mild,1_10,TRUE,Strawberry,Water,339,,,,,,
Franz,DSC012486,PV-Cre,viral,10,2020.11.09,34.11,,4.84,Mild,1_1,TRUE,Chocolate,Water,309,,,,,,
Franz,DSC012486,PV-Cre,viral,11,2020.11.10,33.23,4.84,3.46,Mild,1_2,TRUE,Chocolate,Water,218,,No cell,,,,
Franz,DSC012486,PV-Cre,viral,12,2020.11.11,32.88,3.46,4,Mild,1_3,TRUE,Chocolate,Water,202,,,,,,
Franz,DSC012486,PV-Cre,viral,13,2020.11.12,32.48,4,,Mild,1_4,TRUE,Chocolate,Water,329,,,,,,
Franz,DSC012486,PV-Cre,viral,14,2020.11.16,33.66,,4.09,Mild,1_6,TRUE,Chocolate,Water,367,,No cell,,,,
Franz,DSC012486,PV-Cre,viral,15,2020.11.17,33.31,4.09,3.28,Mild,1_7,TRUE,Chocolate,Water,205,,,,,,
Franz,DSC012486,PV-Cre,viral,16,2020.11.18,33.19,3.28,4.07,Mild,1_8,TRUE,Chocolate,Water,339,,,,,,
Franz,DSC012486,PV-Cre,viral,17,2020.11.19,32.53,4.07,,Mild,1_9,TRUE,Chocolate,Water,262,,,,,,
Franz,DSC012486,PV-Cre,viral,18,2020.11.26,34.68,,3.68,Mild,1_4,TRUE,Strawberry,Water,271,,No cell,,,,
Franz,DSC012486,PV-Cre,viral,19,2020.11.27,33.55,3.68,,Mild,1_5,TRUE,Strawberry,Water,253,,No cell,,,,
Hans,DSC012487,PV-Cre,viral,1,2020.11.26,39.66,,3.87,Mild,1_4,TRUE,Strawberry,Water,53,<pnr_10_corr_08_gSig_19,CNMFeing,,,,
Hans,DSC012487,PV-Cre,viral,2,2020.11.27,38.24,3.87,4.65,Mild,1_5,TRUE,Strawberry,Water,183,,,,,,
Hans,DSC012487,PV-Cre,viral,3,2020.11.28,38.98,4.65,,Mild,1_3,TRUE,Strawberry,Water,380,,,,,,
Hans,DSC012487,PV-Cre,viral,4,2020.12.01,39.36,,3.84,None,1_7,TRUE,Strawberry,Water,231,,,,,,
Hans,DSC012487,PV-Cre,viral,5,2020.12.02,38.86,3.84,3.63,Mild,1_8,TRUE,Strawberry,Water,172,,,,,,
Hans,DSC012487,PV-Cre,viral,6,2020.12.03,38.25,3.63,3.5,Mild,1_9,TRUE,Strawberry,Water,250,,,,,,
Hans,DSC012487,PV-Cre,viral,7,2020.12.04,38.13,3.5,,Mild,1_10,TRUE,Empty,Empty,21,,,,Empty run,,
Hans,DSC012487,PV-Cre,viral,8,2020.12.07,39.95,,,Mild,2_1,TRUE,Chocolate,Water,11,,,,,,
Hans,DSC012487,PV-Cre,viral,9,2020.12.09,39.39,,3.36,Mild,1_3,TRUE,Chocolate,Water,231,,,,,,
Hans,DSC012487,PV-Cre,viral,10,2020.12.10,39.09,3.36,4.18,Mild,1_4,TRUE,Chocolate,Water,189,,,,,,
Hans,DSC012487,PV-Cre,viral,11,2020.12.11,38.84,4.18,,Mild,2_1,TRUE,Chocolate,Water,130,,,,,,
Hans,DSC012487,PV-Cre,viral,12,2020.12.14,39.42,,4.16,Mild,1_6,TRUE,Chocolate,Water,157,,,,,,
Hans,DSC012487,PV-Cre,viral,13,2020.12.15,38.86,4.16,4.67,Mild,2_1,TRUE,Chocolate,Water,134,,,,,,
Hans,DSC012487,PV-Cre,viral,14,2020.12.18,38.58,3.91,,Mild,2_10,TRUE,Chocolate,Water,142,,,,,,
Hans,DSC012487,PV-Cre,viral,15,2020.12.21,39.42,,,Mild,2_1,TRUE,Strawberry,Water,138,,,,,,
Hans,DSC012487,PV-Cre,viral,16,2020.12.23,39.82,,4.77,Mild,2_3,TRUE,Strawberry,Water,147,,,,,,
Hans,DSC012487,PV-Cre,viral,17,2020.12.24,39.16,4.77,4.46,Mild,2_4,TRUE,Vanilla,Water,140,,,,,,
Hans,DSC012487,PV-Cre,viral,18,2020.12.25,39.57,4.46,5.21,Mild,2_5,TRUE,Sucrose,Strawberry,72,,,,,,
Horst,DSC012849,PV-Cre; Ai93D,Tg,1,2021.01.04,35.73,,4.2,Mild,2_6,TRUE,Strawberry,Water,123,< Imaging looks bad...,,,,,
Horst,DSC012849,PV-Cre; Ai93D,Tg,2,2021.01.05,35.54,4.2,4.15,None,2_7,FALSE,Sucrose,Strawberry,119,,,,,,
Horst,DSC012849,PV-Cre; Ai93D,Tg,3,2021.01.06,35.15,4.15,4.38,None,2_8,FALSE,Chocolate,Water,262,,,,,,
Horst,DSC012849,PV-Cre; Ai93D,Tg,4,2021.01.07,35.26,4.38,3.81,None,2_9,FALSE,Chocolate,Water,292,,,,,,
Horst,DSC012849,PV-Cre; Ai93D,Tg,5,2021.01.08,35.17,3.81,,None,2_10,FALSE,Chocolate,Water,259,,,,,,
Horst,DSC012849,PV-Cre; Ai93D,Tg,6,2021.01.11,36.18,,4.1,Mild,2_1,TRUE,Chocolate,Water,137,< test imaging again,bad as well,,,,
Horst,DSC012849,PV-Cre; Ai93D,Tg,7,2021.01.12,35.55,4.1,3.71,None,2_2,FALSE,Chocolate,Sucrose,250,,,,,,
Horst,DSC012849,PV-Cre; Ai93D,Tg,8,2021.01.13,35.61,3.71,4.28,None,2_3,FALSE,Chocolate,Water,148,,,,,,
Horst,DSC012849,PV-Cre; Ai93D,Tg,9,2021.01.14,35.85,4.28,3.27,None,2_4,FALSE,Sucrose,Chocolate,126,,,,,,
Horst,DSC012849,PV-Cre; Ai93D,Tg,10,2021.01.25,38.56,4.49,3.68,Mild,1_1,TRUE,Strawberry,Water,133,,,,,,
Horst,DSC012849,PV-Cre; Ai93D,Tg,11,2021.01.28,37.54,4.06,,Mild,1_4,TRUE,Chocolate,Strawberry,138,,,,,,
Otto,DSC012971,SST-Cre,viral,,2020.12.14,,,,None,-,FALSE,-,-,,"< Sacrificed due to wound, FoV is fine",Pnr_10_corr_08,,,,
Jakob,DSC012972,SST-Cre,viral,1,2021.01.18,26.64,,2.4,Mild,2_6,TRUE,Chocolate,Water,106,,pnr_10_corr_08_gSig_19,,,,
Jakob,DSC012972,SST-Cre,viral,2,2021.01.19,26.12,2.4,3.69,Mild,2_7,TRUE,Chocolate,Water,110,,pnr_10_corr_08_gSig_19,,,,
Jakob,DSC012972,SST-Cre,viral,3,2021.01.20,25.89,3.69,,Mild,1_8,TRUE,Chocolate,Water,176,,pnr_10_corr_08_gSig_19,,,,
Jakob,DSC012972,SST-Cre,viral,4,2021.01.22,25.91,,4.94,Mild,1_10,TRUE,Chocolate,Water,225,,pnr_10_corr_08_gSig_19,,,,
Jakob,DSC012972,SST-Cre,viral,5,2021.01.23,25.29,4.94,1.79,None,1_9,TRUE,Chocolate,Water,202,,pnr_10_corr_08_gSig_19,,,,
Jakob,DSC012972,SST-Cre,viral,6,2021.01.24,25.21,1.79,3.57,Mild,1_1,TRUE,Strawberry,Water,306,,pnr_10_corr_08_gSig_19,,,,
Jakob,DSC012972,SST-Cre,viral,7,2021.01.25,25.49,3.57,2.56,Mild,1_1,TRUE,Strawberry,Water,235,,pnr_10_corr_08_gSig_19,,,,
Jakob,DSC012972,SST-Cre,viral,8,2021.01.26,25.5,2.56,3.1,Mild,1_2,TRUE,Strawberry,Chocolate,301,,pnr_10_corr_08_gSig_19,,,,
Jakob,DSC012972,SST-Cre,viral,9,2021.01.27,25.22,3.1,3.3,Mild,1_3,TRUE,Strawberry,Vanilla,254,,pnr_10_corr_08_gSig_19,,,,
Jakob,DSC012972,SST-Cre,viral,10,2021.01.28,25.85,3.3,3.23,Mild,1_4,TRUE,Chocolate,Strawberry,226,,pnr_10_corr_08_gSig_19,,,,
Jakob,DSC012972,SST-Cre,viral,11,2021.01.29,25.03,3.23,3.89,None,1_5,TRUE,Strawberry,Chocolate,229,,pnr_10_corr_08_gSig_19,,,,
Jakob,DSC012972,SST-Cre,viral,12,2021.01.30,25.52,3.89,,Mild,1_5,TRUE,Banana,Vanilla,23,,pnr_10_corr_08_gSig_19,,,,
Jakob,DSC012972,SST-Cre,viral,13,2021.02.01,25.88,,3.18,Mild,1_6,FALSE,Strawberry,Water,155,Forget to connect GPIO cables...,-,,,,
Jakob,DSC012972,SST-Cre,viral,14,2021.02.02,25.82,3.18,3.3,Mild,1_7,TRUE,Strawberry,Water,171,,pnr_10_corr_08_gSig_19,,,,
Jakob,DSC012972,SST-Cre,viral,15,2021.02.03,25.72,3.3,0,None,1_8,TRUE,Strawberry,Water,228,,pnr_10_corr_08_gSig_19,,,,
Jakob,DSC012972,SST-Cre,viral,16,2021.02.04,24.02,0,,Severe,1_9,TRUE,Strawberry,Water,416,,pnr_10_corr_08_gSig_19,,,,
Jakob,DSC012972,SST-Cre,viral,17,2021.02.08,26.4,,1.9,Mild,1_1,TRUE,Strawberry,Water,218,,new_pnr10_corr_08_diam_9,,,,
Jakob,DSC012972,SST-Cre,viral,18,2021.02.09,26.6,1.9,4.3,Mild,1_2,TRUE,Strawberry,Water,246,,new_pnr10_corr_08_diam_9,,,,
Jakob,DSC012972,SST-Cre,viral,19,2021.02.10,26.2,4.3,0,None,1_3,TRUE,Strawberry,Water,167,,new_pnr10_corr_08_diam_9,,,,
Jakob,DSC012972,SST-Cre,viral,20,2021.02.11,24.6,0,,Severe,1_4,TRUE,Strawberry,Water,260,,new_pnr10_corr_08_diam_9,,,,
Jakob,DSC012972,SST-Cre,viral,21,2021.02.15,26.3,,2.75,Mild,1_5,TRUE,Chocolate,Water,221,"food intake: 9.79, but it's not physiological possible, skip",new_pnr10_corr_08_diam_9,,,,
Jakob,DSC012972,SST-Cre,viral,22,2021.02.16,26.2,2.75,,Mild,1_5,TRUE,Chocolate,Water,183,,new_pnr10_corr_08_diam_9,,,,
Ottfried,DSC013919,SST-Cre,viral,1,2021.04.19,28.89,,4.02,Mild,2_1,TRUE,Strawberry,Water,9,,new_pnr10_corr_08_diam_9,,,,
Ottfried,DSC013919,SST-Cre,viral,2,2021.04.20,28.29,4.02,3.85,Mild,1_2,TRUE,Strawberry,Water,40,,new_pnr10_corr_08_diam_9,,,,
Ottfried,DSC013919,SST-Cre,viral,3,2021.04.21,28.39,3.85,4.15,None,1_1,TRUE,Strawberry,Water,110,,new_pnr10_corr_08_diam_9,,,,
Ottfried,DSC013919,SST-Cre,viral,4,2021.04.22,28.11,4.15,0,None,1_2,TRUE,Strawberry,Water,136,,new_pnr10_corr_08_diam_9,,,,
Ottfried,DSC013919,SST-Cre,viral,5,2021.04.23,26.92,0,,Severe,1_5,TRUE,Strawberry,Water,291,,new_pnr10_corr_08_diam_9,,,,
Ottfried,DSC013919,SST-Cre,viral,6,2021.04.26,28.73,,,Mild,1_7,TRUE,Chocolate,Water,103,,new_pnr10_corr_08_diam_9,,,,
Ottfried,DSC013919,SST-Cre,viral,7,2021.04.28,28.45,,3.22,Mild,1_9,TRUE,Chocolate,Water,207,,new_pnr10_corr_08_diam_9,,,,
Ottfried,DSC013919,SST-Cre,viral,8,2021.04.29,28.2,3.22,0,None,1_9,TRUE,Chocolate,Water,226,,new_pnr10_corr_08_diam_9,,,,
Ottfried,DSC013919,SST-Cre,viral,9,2021.04.30,26.92,0,,Severe,1_9,TRUE,Chocolate,Water,283,,new_pnr10_corr_08_diam_9,,,,
Ottfried,DSC013919,SST-Cre,viral,10,2021.05.03,29.18,,2.8,Mild,1_1,TRUE,Strawberry,Water,113,,new_pnr10_corr_08_diam_9,,,,
Ottfried,DSC013919,SST-Cre,viral,11,2021.05.04,28.59,2.8,0,None,1_2,TRUE,Strawberry,Water,221,,new_pnr10_corr_08_diam_9,,,,
Ottfried,DSC013919,SST-Cre,viral,12,2021.05.05,27.52,0,5.3,Severe,1_1,TRUE,Strawberry,Water,410,,new_pnr10_corr_08_diam_9,,,,
Ottfried,DSC013919,SST-Cre,viral,13,2021.05.06,28.42,5.3,3.39,None,1_2,TRUE,Chocolate,Water,125,,new_pnr10_corr_08_diam_9,,,,
Ottfried,DSC013919,SST-Cre,viral,14,2021.05.07,28.58,3.39,4.39,Mild,1_5,TRUE,Chocolate,Water,103,,new_pnr10_corr_08_diam_9,,,,
Ottfried,DSC013919,SST-Cre,viral,15,2021.05.10,29.51,4.39,3.91,Mild,1_7,TRUE,Chocolate,Water,147,,new_pnr10_corr_08_diam_9,,,,
Ottfried,DSC013919,SST-Cre,viral,16,2021.05.11,28.71,3.91,0,None,1_7,TRUE,Chocolate,Water,193,,0 cell,,,,
Ottfried,DSC013919,SST-Cre,viral,17,2021.05.12,27.32,0,,Severe,1_9,TRUE,Chocolate,Water,363,,0 cell,,,,
Ottfried,DSC013919,SST-Cre,viral,18,2021.05.14,29.42,,,Mild,1_9,TRUE,Strawberry,Water,89,,0 cell,,,,
Ottfried,DSC013919,SST-Cre,viral,19,2021.05.17,29.66,,0,None,1_1,TRUE,Strawberry,Water,160,,0 cell,,,,
Ottfried,DSC013919,SST-Cre,viral,20,2021.05.18,27.97,0,,Severe,1_2,TRUE,Strawberry,Water,210,,,,,,
Ottfrida,BES0424,CaMK2a-cre; Ai93D,Tg,1,2021.04.19,24.31,,3.7,Mild,1_1,TRUE,Strawberry,Water,1,,new_pnr10_corr_08_diam_9,,,,
Ottfrida,BES0424,CaMK2a-cre; Ai93D,Tg,2,2021.04.20,25.02,3.7,3.15,Mild,1_2,TRUE,Strawberry,Water,0,,new_pnr10_corr_08_diam_9,,,,
Ottfrida,BES0424,CaMK2a-cre; Ai93D,Tg,3,2021.04.21,24.09,3.15,3.99,None,1_1,TRUE,Strawberry,Water,3,,new_pnr10_corr_08_diam_9,,,,
Ottfrida,BES0424,CaMK2a-cre; Ai93D,Tg,4,2021.04.22,23.69,3.99,0,None,1_2,TRUE,Strawberry,Water,12,,new_pnr10_corr_08_diam_9,,,,
Ottfrida,BES0424,CaMK2a-cre; Ai93D,Tg,5,2021.04.23,22.64,0,,Severe,1_5,TRUE,Strawberry,Water,21,,new_pnr10_corr_08_diam_9,,,,
Ottfrida,BES0424,CaMK2a-cre; Ai93D,Tg,6,2021.04.26,24.32,,,Mild,1_7,TRUE,Chocolate,Water,6,,new_pnr10_corr_08_diam_9,,,,
Ottfrida,BES0424,CaMK2a-cre; Ai93D,Tg,7,2021.04.28,23.61,,3.23,Mild,1_9,TRUE,Chocolate,Water,2,,new_pnr10_corr_08_diam_9,,,,
Ottfrida,BES0424,CaMK2a-cre; Ai93D,Tg,8,2021.04.29,23.03,3.23,0,None,1_9,TRUE,Chocolate,Water,6,,new_pnr10_corr_08_diam_9,,,,
Ottfrida,BES0424,CaMK2a-cre; Ai93D,Tg,9,2021.04.30,22.08,0,,Severe,1_9,TRUE,Chocolate,Water,78,,new_pnr10_corr_08_diam_9,,,,
Ottfrida,BES0424,CaMK2a-cre; Ai93D,Tg,10,2021.05.03,23.99,,2,Mild,1_1,TRUE,Strawberry,Water,4,,new_pnr10_corr_08_diam_9,,,,
Ottfrida,BES0424,CaMK2a-cre; Ai93D,Tg,11,2021.05.04,22.2,2,0,None,1_2,TRUE,Strawberry,Water,10,,new_pnr10_corr_08_diam_9,,,,
Ottfrida,BES0424,CaMK2a-cre; Ai93D,Tg,12,2021.05.05,21.08,0,5.18,Severe,1_1,TRUE,Strawberry,Water,73,,new_pnr10_corr_08_diam_9,,,,
Ottfrida,BES0424,CaMK2a-cre; Ai93D,Tg,13,2021.05.06,23.22,5.18,3.55,None,1_2,TRUE,Chocolate,Water,0,,new_pnr10_corr_08_diam_9,,,,
Ottfrida,BES0424,CaMK2a-cre; Ai93D,Tg,14,2021.05.07,23.95,3.55,,Mild,1_5,TRUE,Chocolate,Water,2,,new_pnr10_corr_08_diam_9,,,,
Ottfrida,BES0424,CaMK2a-cre; Ai93D,Tg,15,2021.05.10,23.21,,1.95,Mild,1_7,TRUE,Chocolate,Water,0,,new_pnr10_corr_08_diam_9,,,,
Ottfrida,BES0424,CaMK2a-cre; Ai93D,Tg,16,2021.05.11,21.68,1.95,0,None,1_7,TRUE,Chocolate,Water,2,,new_pnr10_corr_08_diam_9,,,,
Ottfrida,BES0424,CaMK2a-cre; Ai93D,Tg,17,2021.05.12,21.72,0,4.42,Severe,1_9,TRUE,Chocolate,Water,242,,new_pnr10_corr_08_diam_9,,,,
Ottfrida,BES0424,CaMK2a-cre; Ai93D,Tg,18,2021.05.14,23.56,4.42,,Mild,1_9,TRUE,Strawberry,Water,1,,new_pnr10_corr_08_diam_9,,,,
Ottfrida,BES0424,CaMK2a-cre; Ai93D,Tg,19,2021.05.17,23.29,,0,None,1_1,TRUE,Strawberry,Water,0,,new_pnr10_corr_08_diam_9,,,,
Ottfrida,BES0424,CaMK2a-cre; Ai93D,Tg,20,2021.05.18,21.62,0,,Severe,1_2,TRUE,Strawberry,Water,106,,new_pnr10_corr_08_diam_9,,,,
Ottfrida,BES0424,CaMK2a-cre; Ai93D,Tg,21,2021.05.20,23.73,,4.13,Mild,1_2,TRUE,Chocolate,Water,0,,,,,,
Cinderella,BES0427,CaMK2a-cre; Ai93D,Tg,1,2021.05.31,24.87,,3.02,Mild,1_1,TRUE,Strawberry,Water,56,,,,,,
Cinderella,BES0427,CaMK2a-cre; Ai93D,Tg,2,2021.06.01,24.89,3.02,4.02,Mild,1_2,TRUE,Strawberry,Water,78,,,,,,
Cinderella,BES0427,CaMK2a-cre; Ai93D,Tg,3,2021.06.02,24.51,4.02,-,None,1_3,TRUE,Strawberry,Water,56,,,,,,
Cinderella,BES0427,CaMK2a-cre; Ai93D,Tg,4,2021.06.03,22.08,0,,Severe,1_4,TRUE,Strawberry,Water,197,,,,,,
Cinderella,BES0427,CaMK2a-cre; Ai93D,Tg,5,2021.06.07,24.32,,2.1,Mild,1_6,TRUE,Strawberry,Water,59,,,,,,
Cinderella,BES0427,CaMK2a-cre; Ai93D,Tg,6,2021.06.08,24.84,2.1,4.01,Mild,1_7,TRUE,Strawberry,Sucrose,105,,,,,,
Cinderella,BES0427,CaMK2a-cre; Ai93D,Tg,7,2021.06.09,24.58,4.01,0,None,1_7,TRUE,Strawberry,Water,75,,,,,,
Cinderella,BES0427,CaMK2a-cre; Ai93D,Tg,8,2021.06.10,22.27,0,5.8,Severe,1_9,TRUE,Strawberry,Water,402,,,,,,
Cinderella,BES0427,CaMK2a-cre; Ai93D,Tg,9,2021.06.11,25.13,5.8,,None,1_10,TRUE,Sucrose,Strawberry,22,no sucrose binges,,,,,
Cinderella,BES0427,CaMK2a-cre; Ai93D,Tg,10,2021.06.14,24.64,,2.57,Mild,1_1,TRUE,Chocolate,Water,50,no much binges,,,,,
Cinderella,BES0427,CaMK2a-cre; Ai93D,Tg,11,2021.06.15,24.99,2.57,3.43,Mild,1_2,TRUE,Sucrose,Chocolate,35,,,,,,
Cinderella,BES0427,CaMK2a-cre; Ai93D,Tg,12,2021.06.16,24.94,3.43,3.89,Mild,1_3,TRUE,Chocolate,Water,185,,,,,,
Cinderella,BES0427,CaMK2a-cre; Ai93D,Tg,13,2021.06.17,24.65,3.89,0,None,1_4,TRUE,Chocolate,Water,114,,,,,,
Cinderella,BES0427,CaMK2a-cre; Ai93D,Tg,14,2021.06.18,22.82,0,,Severe,1_5,TRUE,Chocolate,Water,400,,,,,,
Cinderella,BES0427,CaMK2a-cre; Ai93D,Tg,15,2021.06.21,24.03,,,Mild,1_6,TRUE,Sucrose,Chocolate,77,,,,,,
Cinderella,BES0427,CaMK2a-cre; Ai93D,Tg,16,2021.06.23,23.94,,0,None,1_8,TRUE,Chocolate,Water,145,,,,,,
Cinderella,BES0427,CaMK2a-cre; Ai93D,Tg,17,2021.06.24,22.47,0,4.35,Severe,1_9,TRUE,Chocolate,Water,247,,,,,,
Cinderella,BES0427,CaMK2a-cre; Ai93D,Tg,18,2021.06.25,25.36,4.35,,Mild,1_10,TRUE,Chocolate,Water,305,,,,,,
Cinderella,BES0427,CaMK2a-cre; Ai93D,Tg,19,2021.06.29,25.11,,3.29,Mild,1_2,TRUE,Vanilla,Water,169,,,,,,
Cinderella,BES0427,CaMK2a-cre; Ai93D,Tg,20,2021.06.30,24.83,3.29,3.48,Mild,1_3,TRUE,Sucrose,Vanilla,120,,,,,,
Cinderella,BES0427,CaMK2a-cre; Ai93D,Tg,21,2021.07.01,24.35,3.48,0,None,1_4,TRUE,Vanilla,Water,98,,,,,,
Cinderella,BES0427,CaMK2a-cre; Ai93D,Tg,22,2021.07.02,22.78,0,,Severe,1_5,TRUE,Vanilla,Water,324,,,,,,
Hilderbrand,BES0421,CaMK2a-cre; Ai93D,Tg,1,2021.09.14,27.47,5,,Mild,1_1D,TRUE,Strawberry,Water,3,,,,,,
Hilderbrand,BES0421,CaMK2a-cre; Ai93D,Tg,2,2021.09.20,26.65,,3.62,Mild,1_6,TRUE,Chocolate,Water,26,,,,,,
Hilderbrand,BES0421,CaMK2a-cre; Ai93D,Tg,3,2021.09.21,27.36,3.62,3.85,Mild,1_7,TRUE,Chocolate,Water,1,,,,,,
Hilderbrand,BES0421,CaMK2a-cre; Ai93D,Tg,4,2021.09.22,26.62,3.85,0,None,1_8,TRUE,Chocolate,Water,45,,,,,,
Hilderbrand,BES0421,CaMK2a-cre; Ai93D,Tg,5,2021.09.23,24.87,0,4.15,Severe,1_8,TRUE,Chocolate,Water,268,,,,,,
Hilderbrand,BES0421,CaMK2a-cre; Ai93D,Tg,6,2021.09.24,27.26,4.15,,Mild,1_10,TRUE,Chocolate,Water,151,,,,,,
Hilderbrand,BES0421,CaMK2a-cre; Ai93D,Tg,7,2021.09.28,26.97,,3.57,Mild,1_3,TRUE,Strawberry,Water,24,,,,,,
Hilderbrand,BES0421,CaMK2a-cre; Ai93D,Tg,8,2021.09.29,26.08,3.57,0,None,1_4,TRUE,Strawberry,Water,18,,,,,,
Hilderbrand,BES0421,CaMK2a-cre; Ai93D,Tg,9,2021.09.30,24.86,0,4.81,Severe,1_4,TRUE,Strawberry,Water,286,,,,v,,
Hilderbrand,BES0421,CaMK2a-cre; Ai93D,Tg,10,2021.10.01,26.71,4.81,,None,1_4,TRUE,Strawberry,Water,133,,,,,,
Hilderbrand,BES0421,CaMK2a-cre; Ai93D,Tg,11,2021.10.06,22.65,0,2.12,Severe,1_4,TRUE,Strawberry,Water,169,,,,,,
Hilderbrand,BES0421,CaMK2a-cre; Ai93D,Tg,12,2021.10.07,24.13,2.12,4.21,Mild,1_1D,TRUE,Strawberry,Water,24,,,,,,
Hilderbrand,BES0421,CaMK2a-cre; Ai93D,Tg,13,2021.10.08,25.05,4.21,4.7,Mild,1_2D,TRUE,Strawberry,Water,6,,,,,,
Hilderbrand,BES0421,CaMK2a-cre; Ai93D,Tg,14,2021.10.09,25.32,4.7,,None,1_1D,TRUE,Strawberry,Water,4,,,,,,
Hilderbrand,BES0421,CaMK2a-cre; Ai93D,Tg,15,2021.10.11,26.64,,0,Mild,1_1D,TRUE,Chocolate,Water,6,,,,,,
Hilderbrand,BES0421,CaMK2a-cre; Ai93D,Tg,16,2021.10.13,24.87,0,4.37,Severe,1_5D,TRUE,Chocolate,Water,24,,,,,,
Hilderbrand,BES0421,CaMK2a-cre; Ai93D,Tg,17,2021.10.14,26.93,4.37,4.24,Mild,1_4D,TRUE,Chocolate,Water,170,,,,,,
Hilderbrand,BES0421,CaMK2a-cre; Ai93D,Tg,18,2021.10.15,27.05,4.24,,None,1_4D,TRUE,Chocolate,Water,39,,,,,,
Hilderbrand,BES0421,CaMK2a-cre; Ai93D,Tg,19,2021.10.18,26.72,,,Mild,1_6D,TRUE,Chocolate,Water,55,,,,,,
Julian,SNA089408,B6/N; iSeroSnFR,viral,1,2021.08.30,26.77,3.26,2.92,Mild,1_1,TRUE,Strawberry,Water,16,,,,,,
Julian,SNA089408,B6/N; iSeroSnFR,viral,2,2021.08.31,26.42,2.92,2.84,Mild,1_2,TRUE,Strawberry,Water,24,,,,,,
Julian,SNA089408,B6/N; iSeroSnFR,viral,3,2021.09.01,25.96,2.84,0,None,1_3,TRUE,Strawberry,Water,80,,,,,,
Julian,SNA089408,B6/N; iSeroSnFR,viral,4,2021.09.02,24.22,0,3.65,Severe,1_4,TRUE,Strawberry,Water,106,,,,,,
Julian,SNA089408,B6/N; iSeroSnFR,viral,5,2021.09.03,25.92,3.65,,Mild,1_5,TRUE,Strawberry,Water,31,,,,,,
Julian,SNA089408,B6/N; iSeroSnFR,viral,6,2021.09.06,27.05,,3.4,Mild,1_6,TRUE,Strawberry,Water,23,,,,,,
Julian,SNA089408,B6/N; iSeroSnFR,viral,7,2021.09.07,26.74,3.4,3.36,Mild,1_7,TRUE,Strawberry,Water,9,,,,,,
Julian,SNA089408,B6/N; iSeroSnFR,viral,8,2021.09.08,26.08,3.36,0,None,1_8,TRUE,Strawberry,Water,55,,,,,,
Julian,SNA089408,B6/N; iSeroSnFR,viral,9,2021.09.09,24.53,0,4.1,Severe,1_4,TRUE,Strawberry,Water,148,,,,,,
Julian,SNA089408,B6/N; iSeroSnFR,viral,10,2021.09.10,26.23,4.1,,Mild,1_10,TRUE,Strawberry,Water,28,,,,,,
Julian,SNA089408,B6/N; iSeroSnFR,viral,11,2021.09.13,26.89,,3.65,Mild,1_3,TRUE,Chocolate,Water,39,,,,,,
Julian,SNA089408,B6/N; iSeroSnFR,viral,12,2021.09.14,26.71,3.65,,Mild,1_3,TRUE,Chocolate,Water,56,,,,,,
Julian,SNA089408,B6/N; iSeroSnFR,viral,13,2021.09.20,27.23,,2.66,Mild,1_6,TRUE,Chocolate,Water,34,,,,,,
Julian,SNA089408,B6/N; iSeroSnFR,viral,14,2021.09.21,26.95,2.66,3.15,Mild,1_7,TRUE,Chocolate,Water,6,,,,,,
Julian,SNA089408,B6/N; iSeroSnFR,viral,15,2021.09.22,26.33,3.15,0,None,1_8,TRUE,Chocolate,Water,65,,,,,,
Julian,SNA089408,B6/N; iSeroSnFR,viral,16,2021.09.23,25.29,0,3.74,Severe,1_8,TRUE,Chocolate,Water,114,,,,,,
Julian,SNA089408,B6/N; iSeroSnFR,viral,17,2021.09.24,26.62,3.74,,Mild,1_10,TRUE,Chocolate,Water,39,,,,,,
Julian,SNA089408,B6/N; iSeroSnFR,viral,18,2021.09.28,27.11,,3.56,Mild,1_3,TRUE,Strawberry,Water,35,,,,,,
Julian,SNA089408,B6/N; iSeroSnFR,viral,19,2021.09.29,26.77,3.56,0,None,1_4,TRUE,Strawberry,Water,26,,,,,,
Julian,SNA089408,B6/N; iSeroSnFR,viral,20,2021.09.30,25.03,0,4.87,Severe,1_4,TRUE,Strawberry,Water,230,,,,,,
Julian,SNA089408,B6/N; iSeroSnFR,viral,21,2021.10.01,27.03,4.87,,None,1_4,TRUE,Strawberry,Water,222,,,,,,
Dominik,SNA089274,B6/N; iSeroSnFR,viral,1,2021.08.30,27.75,4.38,3.89,Mild,1_1,TRUE,Strawberry,Water,,,,,,,
Dominik,SNA089274,B6/N; iSeroSnFR,viral,2,2021.08.31,27.38,3.89,3.88,Mild,1_2,TRUE,Strawberry,Water,,,,,,,
Dominik,SNA089274,B6/N; iSeroSnFR,viral,3,2021.09.01,26.86,3.88,0,None,1_3,TRUE,Strawberry,Water,,,,,,,
Dominik,SNA089274,B6/N; iSeroSnFR,viral,4,2021.09.02,25.4,0,4.27,Severe,1_4,TRUE,Strawberry,Water,,,,,,,
Dominik,SNA089274,B6/N; iSeroSnFR,viral,5,2021.09.03,27.28,4.27,,Mild,1_5,TRUE,Strawberry,Water,,,,,,,
Dominik,SNA089274,B6/N; iSeroSnFR,viral,6,2021.09.06,28.33,,3.44,Mild,1_6,TRUE,Strawberry,Water,,,,,,,
Dominik,SNA089274,B6/N; iSeroSnFR,viral,7,2021.09.07,27.67,3.44,4.04,Mild,1_7,TRUE,Strawberry,Water,,,,,,,
Dominik,SNA089274,B6/N; iSeroSnFR,viral,8,2021.09.08,27.21,4.04,0,None,1_8,TRUE,Strawberry,Water,,,,,,,
Dominik,SNA089274,B6/N; iSeroSnFR,viral,9,2021.09.09,25.83,0,4.29,Severe,1_4,TRUE,Strawberry,Water,,,,,,,
Dominik,SNA089274,B6/N; iSeroSnFR,viral,10,2021.09.10,27.26,4.29,,Mild,1_10,TRUE,Strawberry,Water,,,,,,,
Dominik,SNA089274,B6/N; iSeroSnFR,viral,11,2021.09.13,27.81,,3.49,Mild,1_3,TRUE,Chocolate,Water,,,,,,,
Dominik,SNA089274,B6/N; iSeroSnFR,viral,12,2021.09.14,27.87,3.49,,Mild,1_3,TRUE,Chocolate,Water,,,,,,,
Buffy,DSC014459,SST-Cre,viral,1,2021.10.11,26.17,,3.81,Mild,1_1D,TRUE,Chocolate,Water,66,,,,,,
Buffy,DSC014459,SST-Cre,viral,2,2021.10.12,25.9,3.81,3.55,Mild,1_2D,TRUE,Chocolate,Water,128,,,,,,
Buffy,DSC014459,SST-Cre,viral,3,2021.10.13,26.06,3.55,0,None,1_5D,TRUE,Chocolate,Water,68,,,,,,
Buffy,DSC014459,SST-Cre,viral,4,2021.10.14,24.41,0,4.81,Severe,1_5D,TRUE,Chocolate,Water,287,,,,,,
Buffy,DSC014459,SST-Cre,viral,5,2021.10.15,26.12,4.81,,None,1_4D,TRUE,Chocolate,Water,161,,,,,,
Buffy,DSC014459,SST-Cre,viral,6,2021.10.18,26.51,,3.76,Mild,1_6D,TRUE,Chocolate,Water,88,,,,,,
Buffy,DSC014459,SST-Cre,viral,7,2021.10.19,26.02,3.76,0,None,1_7D,TRUE,Chocolate,Water,179,,,,,,
Buffy,DSC014459,SST-Cre,viral,8,2021.10.20,24.72,0,5.49,Severe,1_7D,TRUE,Chocolate,Water,272,,,,,,
Buffy,DSC014459,SST-Cre,viral,9,2021.10.21,26.61,5.49,3.34,None,,FALSE,,,,,,,,,
Buffy,DSC014459,SST-Cre,viral,10,2021.10.22,27.19,3.34,,Mild,1_9D,TRUE,Chocolate,Water,305,,,,,,
Buffy,DSC014459,SST-Cre,viral,11,2021.10.25,27.49,,3.87,Mild,1_1D,TRUE,Strawberry,Water,214,,,,,,
Buffy,DSC014459,SST-Cre,viral,12,2021.10.26,27.05,3.87,0,None,1_2D,TRUE,Strawberry,Water,142,,,,,,
Buffy,DSC014459,SST-Cre,viral,13,2021.10.27,25.24,0,3.51,Severe,1_1D,TRUE,Strawberry,Water,365,,,,,,
Buffy,DSC014459,SST-Cre,viral,14,2021.10.28,26.45,3.51,2.16,Mild,1_2D,TRUE,Strawberry,Water,249,,,,,,
Buffy,DSC014459,SST-Cre,viral,15,2021.10.29,25.46,2.16,,None,1_5D,TRUE,Strawberry,Water,181,,,,,,
Buffy,DSC014459,SST-Cre,viral,16,2021.11.01,26.64,,2.74,None,1_7D,TRUE,Strawberry,Water,129,,,,,,
Buffy,DSC014459,SST-Cre,viral,17,2021.11.02,25.55,2.74,0,None,1_7D,TRUE,Strawberry,Water,138,,,,,,
Buffy,DSC014459,SST-Cre,viral,18,2021.11.03,24.65,0,5.02,Severe,1_7D,TRUE,Strawberry,Water,286,,,,,,
Buffy,DSC014459,SST-Cre,viral,19,2021.11.04,26.18,5.02,,None,,FALSE,,,,,,,,,
Vladimir,SNA091599,B6/N; iSeroSnFR,viral,1,2021.10.11,28.75,,3.44,Mild,1_1D,TRUE,Chocolate,Water,17,,,,,,
Vladimir,SNA091599,B6/N; iSeroSnFR,viral,2,2021.10.12,28.01,3.44,3.6,Mild,1_2D,TRUE,Chocolate,Water,56,,,,,,
Vladimir,SNA091599,B6/N; iSeroSnFR,viral,3,2021.10.13,28.04,3.6,0,None,1_5D,TRUE,Chocolate,Water,35,,,,,,
Vladimir,SNA091599,B6/N; iSeroSnFR,viral,4,2021.10.14,26.74,0,4.42,Severe,1_5D,TRUE,Chocolate,Water,61,,,,,,
Vladimir,SNA091599,B6/N; iSeroSnFR,viral,5,2021.10.15,28.03,4.42,,None,1_4D,TRUE,Chocolate,Water,17,,,,,,
Vladimir,SNA091599,B6/N; iSeroSnFR,viral,6,2021.10.18,28.58,,2.66,Mild,1_6D,TRUE,Chocolate,Water,25,,,,,,
Vladimir,SNA091599,B6/N; iSeroSnFR,viral,7,2021.10.19,28.28,2.66,0,None,1_7D,TRUE,Chocolate,Water,44,,,,,,
Vladimir,SNA091599,B6/N; iSeroSnFR,viral,8,2021.10.20,26.3,0,5.3,Severe,1_7D,TRUE,Chocolate,Water,134,,,,,,
Vladimir,SNA091599,B6/N; iSeroSnFR,viral,9,2021.10.21,28.27,5.3,4.78,None,,FALSE,,,,,,,,,
Vladimir,SNA091599,B6/N; iSeroSnFR,viral,10,2021.10.22,29.27,4.78,,Mild,1_9D,TRUE,Chocolate,Water,49,,,,,,
Vladimir,SNA091599,B6/N; iSeroSnFR,viral,11,2021.10.25,30.23,,3.73,Mild,1_1D,TRUE,Strawberry,Water,44,,,,,,
Vladimir,SNA091599,B6/N; iSeroSnFR,viral,12,2021.10.26,29.63,3.73,0,None,1_2D,TRUE,Strawberry,Water,2,,,,,,
Vladimir,SNA091599,B6/N; iSeroSnFR,viral,13,2021.10.27,27.66,0,4.45,Severe,1_1D,TRUE,Strawberry,Water,55,,,,,,
Vladimir,SNA091599,B6/N; iSeroSnFR,viral,14,2021.10.28,29.47,4.45,3.84,Mild,1_2D,FALSE,Strawberry,Water,52,,,,,,
Vladimir,SNA091599,B6/N; iSeroSnFR,viral,15,2021.10.29,28.58,3.84,,None,1_5D,FALSE,Strawberry,Water,49,,,,,,
Vladimir,SNA091599,B6/N; iSeroSnFR,viral,16,2021.11.01,30.16,,4.16,Mild,1_7D,FALSE,Strawberry,Water,25,,,,,,
Vladimir,SNA091599,B6/N; iSeroSnFR,viral,17,2021.11.02,29.1,4.16,0,None,1_7D,FALSE,Strawberry,Water,44,,,,,,
Vladimir,SNA091599,B6/N; iSeroSnFR,viral,18,2021.11.03,27.42,0,4.05,Severe,1_7D,FALSE,Strawberry,Water,114,,,,,,
Vladimir,SNA091599,B6/N; iSeroSnFR,viral,19,2021.11.04,28.57,4.05,,None,,FALSE,,,,,,,,,
Zvonimir,SNA091600,B6/N; iSeroSnFR,viral,1,2021.10.11,30.11,,4.68,Mild,1_1D,TRUE,Chocolate,Water,130,,,,,,
Zvonimir,SNA091600,B6/N; iSeroSnFR,viral,2,2021.10.12,30.39,4.68,4.12,Mild,1_2D,TRUE,Chocolate,Water,40,,,,,,
Zvonimir,SNA091600,B6/N; iSeroSnFR,viral,3,2021.10.13,30.6,4.12,0,None,1_5D,TRUE,Chocolate,Water,45,,,,,,
Zvonimir,SNA091600,B6/N; iSeroSnFR,viral,4,2021.10.14,28.65,0,3.79,Severe,1_5D,TRUE,Chocolate,Water,161,,,,,,
Zvonimir,SNA091600,B6/N; iSeroSnFR,viral,5,2021.10.15,29.8,3.79,,None,1_4D,TRUE,Chocolate,Water,113,,,,,,
Zvonimir,SNA091600,B6/N; iSeroSnFR,viral,6,2021.10.18,29.81,,4.81,Mild,1_6D,TRUE,Chocolate,Water,206,,,,,,
Zvonimir,SNA091600,B6/N; iSeroSnFR,viral,7,2021.10.19,31.09,4.81,0,None,1_7D,TRUE,Chocolate,Water,182,,,,,,
Zvonimir,SNA091600,B6/N; iSeroSnFR,viral,8,2021.10.20,29.1,0,5.4,Severe,1_7D,TRUE,Chocolate,Water,217,,,,,,
Zvonimir,SNA091600,B6/N; iSeroSnFR,viral,9,2021.10.21,30.53,5.4,3.26,None,,FALSE,,,,,,,,,
Zvonimir,SNA091600,B6/N; iSeroSnFR,viral,10,2021.10.22,30.49,3.26,,Mild,1_9D,TRUE,Chocolate,Water,54,,,,,,
Zvonimir,SNA091600,B6/N; iSeroSnFR,viral,11,2021.10.25,30.69,,3.91,Mild,1_1D,TRUE,Strawberry,Water,7,,,,,,
Zvonimir,SNA091600,B6/N; iSeroSnFR,viral,12,2021.10.26,30.39,3.91,0,None,1_2D,TRUE,Strawberry,Water,22,,,,,,
Zvonimir,SNA091600,B6/N; iSeroSnFR,viral,13,2021.10.27,27.96,0,3.62,Severe,1_1D,TRUE,Strawberry,Water,213,,,,,,
Zvonimir,SNA091600,B6/N; iSeroSnFR,viral,14,2021.10.28,29.67,3.62,4.16,Mild,1_2D,FALSE,Strawberry,Water,108,,,,,,
Zvonimir,SNA091600,B6/N; iSeroSnFR,viral,15,2021.10.29,29.31,4.16,,None,1_5D,FALSE,Strawberry,Water,69,,,,,,
Zvonimir,SNA091600,B6/N; iSeroSnFR,viral,16,2021.11.01,30.19,,4.37,Mild,1_7D,FALSE,Strawberry,Water,39,,,,,,
Zvonimir,SNA091600,B6/N; iSeroSnFR,viral,17,2021.11.02,30.01,4.37,0,None,1_7D,FALSE,Strawberry,Water,7,,,,,,
Zvonimir,SNA091600,B6/N; iSeroSnFR,viral,18,2021.11.03,27.93,0,4.84,Severe,1_7D,FALSE,Strawberry,Water,113,,,,,,
Zvonimir,SNA091600,B6/N; iSeroSnFR,viral,19,2021.11.04,29.94,4.84,,None,,FALSE,,,,,,,,,
Olga,DSC015731,CaMK2a-cre; Ai93D,Tg,1,2022.01.10,21.34,,2.86,Mild,1_1D,TRUE,Chocolate,Water,,,,,,,
Olga,DSC015731,CaMK2a-cre; Ai93D,Tg,2,2022.01.11,21.12,2.86,0,None,1_2D,TRUE,Chocolate,Water,,,,,,,
Olga,DSC015731,CaMK2a-cre; Ai93D,Tg,3,2022.01.12,19.58,0,5.02,Severe,1_1D,TRUE,Chocolate,Water,,,,,,,
Olga,DSC015731,CaMK2a-cre; Ai93D,Tg,4,2022.01.13,21.75,5.02,4.75,None,1_2D,TRUE,Chocolate,Water,,,,,,,
Olga,DSC015731,CaMK2a-cre; Ai93D,Tg,5,2022.01.14,21.87,4.75,,None,1_5D,TRUE,Chocolate,Water,,,,,,,
Olga,DSC015731,CaMK2a-cre; Ai93D,Tg,6,2022.01.17,22.33,,,Mild,1_7D,TRUE,Chocolate,Water,,,,,,,
Olga,DSC015731,CaMK2a-cre; Ai93D,Tg,7,2022.01.19,21.98,,0,None,1_7D,TRUE,Vanilla,Water,,,,,,,
Olga,DSC015731,CaMK2a-cre; Ai93D,Tg,8,2022.01.20,21.11,0,4.19,Severe,1_9D,TRUE,Vanilla,Water,,,,,,,
Olga,DSC015731,CaMK2a-cre; Ai93D,Tg,9,2022.01.21,22.63,4.19,3.86,Mild,1_9D,TRUE,Vanilla,Water,,,,,,,
Olga,DSC015731,CaMK2a-cre; Ai93D,Tg,10,2022.01.22,22.39,3.86,,Mild,1_9D,TRUE,Chocolate,Water,,,,,,,
Olga,DSC015731,CaMK2a-cre; Ai93D,Tg,11,2022.01.26,18.34,0,1.02,Severe,1_1D,TRUE,Chocolate,Water,,,,,,,
Olga,DSC015731,CaMK2a-cre; Ai93D,Tg,12,2022.01.27,18.56,1.02,2.54,Mild,1_2D,TRUE,Chocolate,Water,,,,,,,
Olga,DSC015731,CaMK2a-cre; Ai93D,Tg,13,2022.01.28,19.67,2.54,4.12,Mild,1_5D,TRUE,Chocolate,Water,,,,,,,
Olga,DSC015731,CaMK2a-cre; Ai93D,Tg,14,2022.01.29,20.53,4.12,,Mild,1_5D,TRUE,Chocolate,Water,,,,,,,
Olga,DSC015731,CaMK2a-cre; Ai93D,Tg,15,2022.01.31,22.09,,5.64,Mild,1_7D,TRUE,Vanilla,Water,,,,,,,
Olga,DSC015731,CaMK2a-cre; Ai93D,Tg,16,2022.02.01,22.43,5.64,0,None,1_7D,TRUE,Vanilla,Water,,,,,,,
Olga,DSC015731,CaMK2a-cre; Ai93D,Tg,17,2022.02.02,20.76,0,5.25,Severe,1_7D,TRUE,Vanilla,Water,,,,,,,
Olga,DSC015731,CaMK2a-cre; Ai93D,Tg,18,2022.02.03,23.18,5.25,4.12,Mild,1_9D,TRUE,Strawberry,Water,,,,,,,
Olga,DSC015731,CaMK2a-cre; Ai93D,Tg,19,2022.02.04,22.32,4.12,,None,1_9D,TRUE,Strawberry,Water,,,,,,,
Olga,DSC015731,CaMK2a-cre; Ai93D,Tg,20,2022.02.07,22.4,,3.12,None,1_1D,TRUE,Chocolate,Water,,,,,,,
Olga,DSC015731,CaMK2a-cre; Ai93D,Tg,21,2022.02.08,22.33,3.12,0,None,1_2D,TRUE,Chocolate,Water,,,,,,,
Olga,DSC015731,CaMK2a-cre; Ai93D,Tg,22,2022.02.09,20.99,0,3.83,Severe,1_1D,TRUE,Chocolate,Water,,,,,,,
Olga,DSC015731,CaMK2a-cre; Ai93D,Tg,23,2022.02.10,22.81,3.83,3.42,Mild,1_2D,TRUE,Strawberry,Water,,,,,,,
Olga,DSC015731,CaMK2a-cre; Ai93D,Tg,24,2022.02.11,22.34,3.42,,Mild,1_5D,TRUE,Strawberry,Water,,,,,,,
,,,,,,,,,,,,,,,,,,,,
,,,,,,,,,,,,,,,,,,,,
Boris,DSC016028,CaMK2a-cre; Ai93D,Tg,1,2022.01.10,26.12,,4.11,Mild,1_1D,TRUE,Chocolate,Water,,,,,,,
Boris,DSC016028,CaMK2a-cre; Ai93D,Tg,2,2022.01.11,26.27,4.11,0,None,1_2D,TRUE,Chocolate,Water,,,,,,,
Boris,DSC016028,CaMK2a-cre; Ai93D,Tg,3,2022.01.12,24.85,0,4.06,Severe,1_1D,TRUE,Chocolate,Water,,,,,v,,
Boris,DSC016028,CaMK2a-cre; Ai93D,Tg,4,2022.01.13,25.45,4.06,3.96,None,1_2D,TRUE,Chocolate,Water,,,,,,,
Boris,DSC016028,CaMK2a-cre; Ai93D,Tg,5,2022.01.14,25.73,3.96,,None,1_5D,TRUE,Chocolate,Water,,,,,,,
Boris,DSC016028,CaMK2a-cre; Ai93D,Tg,6,2022.01.17,26.53,,,Mild,1_7D,TRUE,Chocolate,Water,,,,,,,
Boris,DSC016028,CaMK2a-cre; Ai93D,Tg,7,2022.01.19,26.22,,0,None,1_7D,TRUE,Vanilla,Water,,,,,,,
Boris,DSC016028,CaMK2a-cre; Ai93D,Tg,8,2022.01.20,25.15,0,4.01,Severe,1_9D,TRUE,Vanilla,Water,,,,,v,,
Boris,DSC016028,CaMK2a-cre; Ai93D,Tg,9,2022.01.21,26.74,4.01,3.41,Mild,1_9D,TRUE,Vanilla,Water,,,,,v,,
Boris,DSC016028,CaMK2a-cre; Ai93D,Tg,10,2022.01.22,26.27,3.41,0,Mild,1_9D,TRUE,Chocolate,Water,,,,,v,,
Boris,DSC016028,CaMK2a-cre; Ai93D,Tg,11,2022.01.26,22.66,0,0.41,Severe,1_1D,TRUE,Chocolate,Water,,,,,,,
Boris,DSC016028,CaMK2a-cre; Ai93D,Tg,12,2022.01.27,22.36,0.41,4.14,Mild,1_2D,TRUE,Chocolate,Water,,,,,,,
Boris,DSC016028,CaMK2a-cre; Ai93D,Tg,13,2022.01.28,24.92,4.14,3.79,Mild,1_5D,TRUE,Chocolate,Water,,,,,,,
Boris,DSC016028,CaMK2a-cre; Ai93D,Tg,14,2022.01.29,24.97,3.79,,Mild,1_5D,TRUE,Chocolate,Water,,,,,,,
Boris,DSC016028,CaMK2a-cre; Ai93D,Tg,15,2022.01.31,25.77,,4.43,Mild,1_7D,TRUE,Vanilla,Water,,,,,,,
Boris,DSC016028,CaMK2a-cre; Ai93D,Tg,16,2022.02.01,25.73,4.43,0,None,1_7D,TRUE,Vanilla,Water,,,,,,,
Boris,DSC016028,CaMK2a-cre; Ai93D,Tg,17,2022.02.02,24.03,0,3.96,Severe,1_7D,TRUE,Vanilla,Water,,,,,,,
Boris,DSC016028,CaMK2a-cre; Ai93D,Tg,18,2022.02.03,26.06,3.96,4.04,Mild,1_9D,TRUE,Strawberry,Water,,,,,,,
Boris,DSC016028,CaMK2a-cre; Ai93D,Tg,19,2022.02.04,25.79,4.04,,None,1_9D,TRUE,Strawberry,Water,,,,,,,
Boris,DSC016028,CaMK2a-cre; Ai93D,Tg,20,2022.02.07,26.22,,3.19,None,1_1D,TRUE,Chocolate,Water,,,,,,,
Boris,DSC016028,CaMK2a-cre; Ai93D,Tg,21,2022.02.08,25.64,3.19,0,None,1_2D,TRUE,Chocolate,Water,,,,,,,
Boris,DSC016028,CaMK2a-cre; Ai93D,Tg,22,2022.02.09,24.31,0,3.33,Severe,1_1D,TRUE,Chocolate,Water,,,,,,,
Boris,DSC016028,CaMK2a-cre; Ai93D,Tg,23,2022.02.10,26.11,3.33,3.04,Mild,1_2D,TRUE,Strawberry,Water,,,,,,,
Boris,DSC016028,CaMK2a-cre; Ai93D,Tg,24,2022.02.11,25.84,3.04,,Mild,1_5D,TRUE,Strawberry,Water,,,,,,,
,,,,,,,,,,,,,,,,,,,,
,,,,,,,,,,,,,,,,,,,,
Sergej,DSC016006,PV-Cre,viral,1,2022.01.10,23.68,,2.9,Mild,1_1D,TRUE,Chocolate,Water,,,,,,,
Sergej,DSC016006,PV-Cre,viral,2,2022.01.11,22.84,2.9,0,None,1_2D,TRUE,Chocolate,Water,,,,,,,
Sergej,DSC016006,PV-Cre,viral,3,2022.01.12,22.36,0,4.65,Severe,1_1D,TRUE,Chocolate,Water,,,,,,,
Sergej,DSC016006,PV-Cre,viral,4,2022.01.13,23.1,4.65,4.56,None,1_2D,TRUE,Chocolate,Water,,,,,,,
Sergej,DSC016006,PV-Cre,viral,5,2022.01.14,23.52,4.56,,None,1_5D,TRUE,Chocolate,Water,,,,,,,
Sergej,DSC016006,PV-Cre,viral,6,2022.01.17,23.68,,,Mild,1_7D,TRUE,Chocolate,Water,,,,,,,
Sergej,DSC016006,PV-Cre,viral,7,2022.01.19,23.56,,0,None,1_7D,TRUE,Vanilla,Water,,,,,,,
Sergej,DSC016006,PV-Cre,viral,8,2022.01.20,22.12,0,3.92,Severe,1_9D,TRUE,Vanilla,Water,,,,,,,
Sergej,DSC016006,PV-Cre,viral,9,2022.01.21,23.73,3.92,3.73,Mild,1_9D,TRUE,Vanilla,Water,,,,,,,
Sergej,DSC016006,PV-Cre,viral,10,2022.01.22,23.77,3.73,,Mild,1_9D,TRUE,Chocolate,Water,,,,,,,
Sergej,DSC016006,PV-Cre,viral,11,2022.01.24,23.01,,3.41,None,1_1D,TRUE,Chocolate,Water,,,,,,,
Sergej,DSC016006,PV-Cre,viral,12,2022.01.25,22.87,3.41,0,None,1_2D,TRUE,Strawberry,Water,,,,,,,
Sergej,DSC016006,PV-Cre,viral,13,2022.01.26,21.85,0,4.25,Severe,1_1D,TRUE,Chocolate,Water,,,,,,,
Sergej,DSC016006,PV-Cre,viral,14,2022.01.27,23.84,4.25,4.33,Mild,1_2D,TRUE,Chocolate,Water,,,,,,,
Sergej,DSC016006,PV-Cre,viral,15,2022.01.28,24.01,4.33,4.08,Mild,1_5D,TRUE,Chocolate,Water,,,,,,,
Sergej,DSC016006,PV-Cre,viral,16,2022.01.29,24.23,4.08,,Mild,1_5D,TRUE,Chocolate,Water,,,,,,,
Sergej,DSC016006,PV-Cre,viral,17,2022.01.31,23.56,,3.23,Mild,1_7D,TRUE,Vanilla,Water,,,,,,,
Sergej,DSC016006,PV-Cre,viral,18,2022.02.01,23.11,3.23,0,None,1_7D,TRUE,Vanilla,Water,,,,,,,
Sergej,DSC016006,PV-Cre,viral,19,2022.02.02,21.74,0,4.47,Severe,1_7D,TRUE,Vanilla,Water,,,,,,,
Sergej,DSC016006,PV-Cre,viral,20,2022.02.03,24.16,4.47,3.63,Mild,1_9D,TRUE,Strawberry,Water,,,,,,,
Sergej,DSC016006,PV-Cre,viral,21,2022.02.04,23.87,3.63,,None,1_9D,FALSE,Strawberry,Water,,,,,,,
Sergej,DSC016006,PV-Cre,viral,22,2022.02.07,23.4,,3.36,None,1_1D,TRUE,Chocolate,Water,,,,,,,
Sergej,DSC016006,PV-Cre,viral,23,2022.02.08,23.54,3.36,0,None,1_2D,TRUE,Chocolate,Water,,,,,,,
Sergej,DSC016006,PV-Cre,viral,24,2022.02.09,22.12,0,4.45,Severe,1_1D,TRUE,Chocolate,Water,,,,,,,
Sergej,DSC016006,PV-Cre,viral,25,2022.02.10,24.38,4.45,,Mild,1_2D,TRUE,Strawberry,Water,,,,,,,
Sergej,DSC016006,PV-Cre,viral,26,2022.02.11,,,,,,,,,,,,,,,
,,,,,,,,,,,,,,,,,,,,
,,,,,,,,,,,,,,,,,,,,
,,,,,,,,,,,,,,,,,,,,
,,,,,,,,,,,,,,,,,,,,
Vassili,DSC016066,SST-cre,viral,1,2022.01.10,30.99,,4.94,,,FALSE,,,,< no GCaMP signals in BF,,,,,
Vassili,DSC016066,SST-cre,viral,2,2022.01.11,30.56,4.94,0,,,FALSE,,,,< no GCaMP signals in BF,,,,,
Vassili,DSC016066,SST-cre,viral,3,2022.01.12,29.98,0,5.16,,,FALSE,,,,< no GCaMP signals in BF,,,,,
Vassili,DSC016066,SST-cre,viral,4,2022.01.13,30.34,5.16,,,,FALSE,,,,< no GCaMP signals in BF,,,,,
Vassili,DSC016066,SST-cre,viral,7,2022.01.19,30.68,,,,,FALSE,,,,< no GCaMP signals in BF,,,,,
,,,,,,,,,,,,,,,,,,,,
,,,,,,,,,,,,,,,,,,,,
Paul,DSC017909,Ai148; S2,viral,1,2022.08.14,32.14,0,,Severe,1_1D,FALSE,Strawberry,Water,,,,,,,
Paul,DSC017909,Ai148; S2,viral,2,2022.08.15,34.36,4.91,,Mild,1_1D,TRUE,Strawberry,Water,,,,,,,
Paul,DSC017909,Ai148; S2,viral,3,2022.08.16,33.94,4.82,,Mild,1_2D,TRUE,Strawberry,Water,,,,,,,
Paul,DSC017909,Ai148; S2,viral,4,2022.08.17,33.9,4.89,,None,1_2D,TRUE,Strawberry,Water,,,,,,,
Paul,DSC017909,Ai148; S2,viral,5,2022.08.18,32.49,0,,Severe,1_5D,TRUE,Strawberry,Water,,,,,,,
Paul,DSC017909,Ai148; S2,viral,6,2022.08.19,33.96,4.16,,Mild,1_5D,TRUE,Strawberry,Water,,,,,,,
Paul,DSC017909,Ai148; S2,viral,7,2022.08.22,34.73,,,Mild,1_7D,TRUE,Strawberry,Water,,,,,,,
Paul,DSC017909,Ai148; S2,viral,8,2022.08.23,34.18,4.01,,Mild,1_7D,TRUE,Strawberry,Water,,,,,,,
Paul,DSC017909,Ai148; S2,viral,9,2022.08.24,33.91,4.06,,None,1_9D,TRUE,Strawberry,Water,,,,,,,
Paul,DSC017909,Ai148; S2,viral,10,2022.08.25,32.32,0,,Severe,1_9D,TRUE,Strawberry,Water,,,,,,,
Paul,DSC017909,Ai148; S2,viral,11,2022.08.26,33.92,4.81,,Mild,1_9D,TRUE,Strawberry,Water,,,,,,,
Paul,DSC017909,Ai148; S2,viral,12,2022.08.29,35.12,,,Mild,1_1D,TRUE,Chocolate,Water,,,,,,,
Paul,DSC017909,Ai148; S2,viral,13,2022.08.30,34.28,3.81,,None,1_2D,TRUE,Chocolate,Water,,,,,,,
Paul,DSC017909,Ai148; S2,viral,14,2022.08.31,32.79,0,,Severe,1_2D,TRUE,Chocolate,Water,,,,,,,
Paul,DSC017909,Ai148; S2,viral,15,2022.09.05,35.42,,,Mild,1_7D,TRUE,Chocolate,Water,,,,,,,
Paul,DSC017909,Ai148; S2,viral,16,2022.09.07,35.45,,,None,1_7D,TRUE,Chocolate,Water,,,,,,,
Paul,DSC017909,Ai148; S2,viral,17,2022.09.08,34.62,0,,Severe,1_9D,TRUE,Chocolate,Water,,,,,,,
Paul,DSC017909,Ai148; S2,viral,18,2022.09.09,34.28,3.03,,None,1_9D,TRUE,Chocolate,Water,,,,,,,
Paul,DSC017909,Ai148; S2,viral,19,2022.09.12,34.91,,,None,1_1D,TRUE,Chocolate,Water,,,,,,,
Paul,DSC017909,Ai148; S2,viral,20,2022.09.14,34.83,5.55,,None,1_2D,TRUE,Chocolate,Water,,,,,,,
Paul,DSC017909,Ai148; S2,viral,21,2022.09.15,34.67,0,,Severe,1_5D,TRUE,Chocolate,Water,,,,,,,
Paul,DSC017909,Ai148; S2,viral,22,2022.09.16,35.68,3.92,,None,1_5D,TRUE,Strawberry,Water,,,,,,,
Paul,DSC017909,Ai148; S2,viral,23,2022.09.17,35.12,3.71,,None,1_5D,TRUE,Strawberry,Water,,,,,,,
Paul,DSC017909,Ai148; S2,viral,24,2022.09.19,35.41,,,None,1_5D,TRUE,Strawberry,Chocolate,,,,,,,
Paul,DSC017909,Ai148; S2,viral,25,2022.09.20,33.81,0,,Severe,1_5D,TRUE,Strawberry,Chocolate,,,,,,,
,,,,,,,,,,,,,,,,,,,,
,,,,,,,,,,,,,,,,,,,,
,,,,,,,,,,,,,,,,,,,,
Moritz,DSC017911,Ai148; S2GC,viral,1,2022.08.14,28.4,0,,Severe,1_1D,FALSE,Strawberry,Water,,,,,,,
Moritz,DSC017911,Ai148; S2GC,viral,2,2022.08.15,30.96,5.98,,Mild,1_1D,TRUE,Strawberry,Water,,,,,,,
Moritz,DSC017911,Ai148; S2GC,viral,3,2022.08.16,31.59,5.87,,Mild,1_2D,TRUE,Strawberry,Water,,,,,,,
Moritz,DSC017911,Ai148; S2GC,viral,4,2022.08.17,30.86,5.21,,None,1_2D,TRUE,Strawberry,Water,,,,,,,
Moritz,DSC017911,Ai148; S2GC,viral,5,2022.08.18,29.69,0,,Severe,1_5D,TRUE,Strawberry,Water,,,,,,,
Moritz,DSC017911,Ai148; S2GC,viral,6,2022.08.19,30.94,5.07,,Mild,1_5D,TRUE,Strawberry,Water,,,,,,,
Moritz,DSC017911,Ai148; S2GC,viral,7,2022.08.22,31.33,,,Mild,1_7D,TRUE,Strawberry,Water,,,,,,,
Moritz,DSC017911,Ai148; S2GC,viral,8,2022.08.23,30.76,3.36,,Mild,1_7D,TRUE,Strawberry,Water,,,,,,,
Moritz,DSC017911,Ai148; S2GC,viral,9,2022.08.24,29.85,2.88,,None,1_9D,TRUE,Strawberry,Water,,,,,,,
Moritz,DSC017911,Ai148; S2GC,viral,10,2022.08.25,29.66,0,,Severe,1_9D,TRUE,Strawberry,Water,,,,,,,
Moritz,DSC017911,Ai148; S2GC,viral,11,2022.08.26,30.46,4.39,,Mild,1_9D,TRUE,Strawberry,Water,,,,,,,
Moritz,DSC017911,Ai148; S2GC,viral,12,2022.08.29,31.09,,,Mild,1_1D,TRUE,Chocolate,Water,,,,,,,
Moritz,DSC017911,Ai148; S2GC,viral,13,2022.08.30,30.51,3.78,,None,1_2D,TRUE,Chocolate,Water,,,,,,,
Moritz,DSC017911,Ai148; S2GC,viral,14,2022.08.31,29.25,0,,Severe,1_2D,TRUE,Chocolate,Water,,,,,,,
Moritz,DSC017911,Ai148; S2GC,viral,15,2022.09.05,31.21,,,Mild,1_7D,TRUE,Chocolate,Water,,,,,,,
Moritz,DSC017911,Ai148; S2GC,viral,16,2022.09.07,30.5,,,None,1_7D,TRUE,Chocolate,Water,,,,,,,
Moritz,DSC017911,Ai148; S2GC,viral,17,2022.09.08,30.3,,,Mild,1_9D,TRUE,Chocolate,Water,,,,,,,
Moritz,DSC017911,Ai148; S2GC,viral,18,2022.09.09,30.56,4.46,,None,1_9D,TRUE,Chocolate,Water,,,,,,,
Moritz,DSC017911,Ai148; S2GC,viral,19,2022.09.12,30.88,,,None,1_1D,TRUE,Chocolate,Water,,,,,,,
Moritz,DSC017911,Ai148; S2GC,viral,20,2022.09.14,30.6,3.71,,None,1_2D,TRUE,Chocolate,Water,,,,,,,
Moritz,DSC017911,Ai148; S2GC,viral,21,2022.09.15,29.37,0,,Severe,1_5D,TRUE,Chocolate,Water,,,,,,,
Moritz,DSC017911,Ai148; S2GC,viral,22,2022.09.16,30.85,3.92,,None,1_5D,TRUE,Strawberry,Water,,,,,,,
Moritz,DSC017911,Ai148; S2GC,viral,23,2022.09.17,30.09,3.37,,None,1_5D,TRUE,Strawberry,Water,,,,,,,
Moritz,DSC017911,Ai148; S2GC,viral,24,2022.09.19,30.34,,,None,1_7D,TRUE,Strawberry,Chocolate,,,,,,,
Moritz,DSC017911,Ai148; S2GC,viral,25,2022.09.20,29.33,0,,Severe,1_7D,TRUE,Strawberry,Chocolate,,,,,,,
,,,,,,,,,,,,,,,,,,,,
Rosalia,DSC017913,Ai148; S2GC,viral,1,2022.08.14,24.89,0,,Severe,1_1D,TRUE,Strawberry,Water,,,,,,,
Rosalia,DSC017913,Ai148; S2GC,viral,2,2022.08.15,28.66,7.31,,Mild,1_1D,TRUE,Strawberry,Water,,,,,,,
Rosalia,DSC017913,Ai148; S2GC,viral,3,2022.08.16,28.71,5.77,,Mild,1_2D,TRUE,Strawberry,Water,,,,,,,
Rosalia,DSC017913,Ai148; S2GC,viral,4,2022.08.17,28.13,5.4,,None,1_2D,TRUE,Strawberry,Water,,,,,,,
Rosalia,DSC017913,Ai148; S2GC,viral,5,2022.08.18,27.15,0,,Severe,1_5D,TRUE,Strawberry,Water,,,,,,,
Rosalia,DSC017913,Ai148; S2GC,viral,6,2022.08.19,28.91,6.24,,Mild,1_5D,TRUE,Strawberry,Water,,,,,,,
Rosalia,DSC017913,Ai148; S2GC,viral,7,2022.08.22,28.1,,,Mild,1_7D,TRUE,Strawberry,Water,,,,,,,
Rosalia,DSC017913,Ai148; S2GC,viral,8,2022.08.23,27.96,3.79,,Mild,1_7D,FALSE,Strawberry,Water,,,,,,,
Rosalia,DSC017913,Ai148; S2GC,viral,9,2022.08.24,27.01,3.62,,None,1_9D,FALSE,Strawberry,Water,,,,,,,
Rosalia,DSC017913,Ai148; S2GC,viral,10,2022.08.25,26.37,0,,Severe,1_9D,FALSE,Strawberry,Water,,,,,,,
Rosalia,DSC017913,Ai148; S2GC,viral,11,2022.08.26,28.67,5.99,,Mild,1_9D,FALSE,Strawberry,Water,,,,,,,
Rosalia,DSC017913,Ai148; S2GC,viral,12,2022.08.29,28.31,,,Mild,1_1D,FALSE,Chocolate,Water,,,,,,,
Rosalia,DSC017913,Ai148; S2GC,viral,13,2022.08.30,27.36,6.01,,None,1_2D,FALSE,Chocolate,Water,,,,,,,
Rosalia,DSC017913,Ai148; S2GC,viral,14,2022.08.31,26.72,0,,Severe,1_2D,FALSE,Chocolate,Water,,,,,,,
Rosalia,DSC017913,Ai148; S2GC,viral,15,2022.09.05,28.92,,,None,1_7D,FALSE,Chocolate,Water,,,,,,,
Rosalia,DSC017913,Ai148; S2GC,viral,16,2022.09.07,28.32,,,None,1_7D,FALSE,Chocolate,Water,,,,,,,
Rosalia,DSC017913,Ai148; S2GC,viral,17,2022.09.08,27.57,0,,Severe,1_9D,FALSE,Chocolate,Water,,,,,,,
Rosalia,DSC017913,Ai148; S2GC,viral,18,2022.09.09,28.05,4.14,,None,1_9D,FALSE,Chocolate,Water,,,,,,,
Rosalia,DSC017913,Ai148; S2GC,viral,19,2022.09.12,28.56,,,None,1_1D,FALSE,Chocolate,Water,,,,,,,
Rosalia,DSC017913,Ai148; S2GC,viral,20,2022.09.14,28.1,3.18,,None,1_2D,FALSE,Chocolate,Water,,,,,,,
Rosalia,DSC017913,Ai148; S2GC,viral,21,2022.09.15,26.13,0,,Severe,1_5D,FALSE,Chocolate,Water,,,,,,,
Rosalia,DSC017913,Ai148; S2GC,viral,22,2022.09.16,28.87,5.17,,None,1_5D,FALSE,Strawberry,Water,,,,,,,
Rosalia,DSC017913,Ai148; S2GC,viral,23,2022.09.17,28.06,4.44,,None,1_5D,FALSE,Strawberry,Water,,,,,,,
,,,,,,,,,,,,,,,,,,,,
,,,,,,,,,,,,,,,,,,,,
,,,,,,,,,,,,,,,,,,,,
Martha,DSC017914,Ai148; S2,viral,1,2022.08.14,24.94,0,,Severe,1_1D,TRUE,Strawberry,Water,,,,,,,
Martha,DSC017914,Ai148; S2,viral,2,2022.08.15,27.15,5.87,,Mild,1_1D,TRUE,Strawberry,Water,,,,,,,
Martha,DSC017914,Ai148; S2,viral,3,2022.08.16,27.71,6.71,,Mild,1_2D,TRUE,Strawberry,Water,,,,,,,
Martha,DSC017914,Ai148; S2,viral,4,2022.08.17,27.07,5.67,,None,1_2D,TRUE,Strawberry,Water,,,,,,,
Martha,DSC017914,Ai148; S2,viral,5,2022.08.18,26.36,0,,Severe,1_5D,TRUE,Strawberry,Water,,,,,,,
Martha,DSC017914,Ai148; S2,viral,6,2022.08.19,27.12,5.56,,Mild,1_5D,TRUE,Strawberry,Water,,,,,,,
Martha,DSC017914,Ai148; S2,viral,7,2022.08.22,26.75,,,Mild,1_7D,TRUE,Strawberry,Water,,,,,,,
Martha,DSC017914,Ai148; S2,viral,8,2022.08.23,26.63,3.29,,Mild,1_7D,TRUE,Strawberry,Water,,,,,,,
Martha,DSC017914,Ai148; S2,viral,9,2022.08.24,26.03,2.96,,None,1_9D,TRUE,Strawberry,Water,,,,,,,
Martha,DSC017914,Ai148; S2,viral,10,2022.08.25,25.34,0,,Severe,1_9D,TRUE,Strawberry,Water,,,,,,,
Martha,DSC017914,Ai148; S2,viral,11,2022.08.26,27.01,4.85,,None,1_9D,TRUE,Strawberry,Water,,,,,,,
Martha,DSC017914,Ai148; S2,viral,12,2022.08.29,26.38,,,Mild,1_1D,TRUE,Chocolate,Water,,,,,,,
Martha,DSC017914,Ai148; S2,viral,13,2022.08.30,25.54,3.64,,None,1_2D,TRUE,Chocolate,Water,,,,,,,
Martha,DSC017914,Ai148; S2,viral,14,2022.08.31,25.01,0,,Severe,1_2D,TRUE,Chocolate,Water,,,,,,,
Martha,DSC017914,Ai148; S2,viral,15,2022.09.05,26.71,,,Mild,1_7D,TRUE,Chocolate,Water,,,,,,,
Martha,DSC017914,Ai148; S2,viral,16,2022.09.07,25.58,,,None,1_7D,TRUE,Chocolate,Water,,,,,,,
Martha,DSC017914,Ai148; S2,viral,17,2022.09.08,25.44,0,,Severe,1_9D,TRUE,Chocolate,Water,,,,,,,
Martha,DSC017914,Ai148; S2,viral,18,2022.09.09,25.87,4.52,,None,1_9D,TRUE,Chocolate,Water,,,,,,,
Martha,DSC017914,Ai148; S2,viral,19,2022.09.12,26.63,,,None,1_1D,TRUE,Chocolate,Water,,,,,,,
Martha,DSC017914,Ai148; S2,viral,20,2022.09.14,26.21,3.7,,None,1_2D,TRUE,Chocolate,Water,,,,,,,
Martha,DSC017914,Ai148; S2,viral,21,2022.09.15,25,0,,Severe,1_5D,TRUE,Chocolate,Water,,,,,,,
Martha,DSC017914,Ai148; S2,viral,22,2022.09.16,26.91,4.21,,None,1_5D,TRUE,Strawberry,Water,,,,,,,
Martha,DSC017914,Ai148; S2,viral,23,2022.09.17,26.93,5.73,,None,1_5D,TRUE,Strawberry,Water,,,,,,,
Martha,DSC017914,Ai148; S2,viral,24,2022.09.19,26.41,,,None,1_5D,TRUE,Strawberry,Chocolate,,,,,,,
Martha,DSC017914,Ai148; S2,viral,25,2022.09.20,25.25,0,,Severe,1_5D,TRUE,Strawberry,Chocolate,,,,,,,
,,,,,,,,,,,,,,,,,,,,
,,,,,,,,,,,,,,,,,,,,
,,,,,,,,,,,,,,,,,,,,
Tasha,DSC019409,CaMK2a-cre; Ai93D,Tg,1,2022.10.06,20.12,,0,None,1_2D,TRUE,Strawberry,Water,,,,,,,
Tasha,DSC019409,CaMK2a-cre; Ai93D,Tg,2,2022.10.07,18.53,0,,Severe,1_5D,TRUE,Strawberry,Water,,,,,,,
Tasha,DSC019409,CaMK2a-cre; Ai93D,Tg,3,2022.10.10,21.81,,,Mild,1_1D,TRUE,Strawberry,Water,,,,,,,
Tasha,DSC019409,CaMK2a-cre; Ai93D,Tg,4,2022.10.13,21.34,,,None,1_5D,TRUE,Strawberry,Water,,,,,,,
Tasha,DSC019409,CaMK2a-cre; Ai93D,Tg,5,2022.10.14,20.38,0,,Severe,1_5D,TRUE,Strawberry,Water,,,,,,,
Tasha,DSC019409,CaMK2a-cre; Ai93D,Tg,6,2022.10.17,22.51,,,Mild,1_7D,TRUE,Chocolate,Water,,,,,,,
Tasha,DSC019409,CaMK2a-cre; Ai93D,Tg,7,2022.10.18,21.05,2.52,,Mild,1_6,TRUE,Chocolate,Strawberry,,,,,,,
Tasha,DSC019409,CaMK2a-cre; Ai93D,Tg,8,2022.10.19,21.22,3.77,,None,1_6,TRUE,Chocolate,Strawberry,,,,,,,
Tasha,DSC019409,CaMK2a-cre; Ai93D,Tg,9,2022.10.20,19.72,0,,Severe,1_8,TRUE,Chocolate,Water,,,,,,,
Tasha,DSC019409,CaMK2a-cre; Ai93D,Tg,10,2022.10.24,21.53,,,Mild,1_3,TRUE,Sucrose,Chocolate,,,,,,,
Tasha,DSC019409,CaMK2a-cre; Ai93D,Tg,11,2022.10.25,21.44,3.38,,None,1_2,TRUE,Strawberry,Water,,,,,,,
Tasha,DSC019409,CaMK2a-cre; Ai93D,Tg,12,2022.10.26,20.02,0,,Severe,1_2,TRUE,Strawberry,Water,,,,,,,
Tasha,DSC019409,CaMK2a-cre; Ai93D,Tg,13,2022.10.27,21.62,4.24,,Mild,1_6,TRUE,Sucrose,Strawberry,,,,,,,
Tasha,DSC019409,CaMK2a-cre; Ai93D,Tg,14,2022.10.28,21.67,3.41,,Mild,1_6,TRUE,Chocolate,Water,,,,,,,
Tasha,DSC019409,CaMK2a-cre; Ai93D,Tg,15,2022.10.29,21.59,3.64,,Mild,1_10,TRUE,Chocolate,Water,,,,,,,
Tasha,DSC019409,CaMK2a-cre; Ai93D,Tg,16,2022.11.02,18.01,0,,Severe,1_6,TRUE,Strawberry,Water,,,,,,,
Tasha,DSC019409,CaMK2a-cre; Ai93D,Tg,17,2022.11.03,18.57,1.79,,Mild,1_6,TRUE,Strawberry,Water,,,,,,,
Tasha,DSC019409,CaMK2a-cre; Ai93D,Tg,18,2022.11.04,20.09,2.98,,Mild,1_6,TRUE,Chocolate,Water,,,,,,,
Tasha,DSC019409,CaMK2a-cre; Ai93D,Tg,19,2022.11.05,20.77,4.14,,Mild,1_6,TRUE,Chocolate,Water,,,,,,,
Tasha,DSC019409,CaMK2a-cre; Ai93D,Tg,20,2022.11.07,21.56,,,Mild,1_10,TRUE,Chocolate,Water,,,,,,,
Tasha,DSC019409,CaMK2a-cre; Ai93D,Tg,21,2022.11.08,21.01,3.8,,None,1_6,TRUE,Strawberry,Water,,,,,,,
Tasha,DSC019409,CaMK2a-cre; Ai93D,Tg,22,2022.11.09,19.89,0,,Severe,1_6,TRUE,Chocolate,Water,,,,,,,
Tasha,DSC019409,CaMK2a-cre; Ai93D,Tg,23,2022.11.10,,,,Mild,1_6,TRUE,Sucrose,Strawberry,,,,,,,
,,,,,,,,,,,,,,,,,,,,
,,,,,,,,,,,,,,,,,,,,
,,,,,,,,,,,,,,,,,,,,
Giacomo,DSC018623,Ai148; GC,viral,1,2022.12.29,32.33,0,,Severe,1_1D,TRUE,Strawberry,Water,,,,,,,
Giacomo,DSC018623,Ai148; GC,viral,2,2022.12.30,35.02,,,None,1_2D,TRUE,Strawberry,Water,,,,,,,
Giacomo,DSC018623,Ai148; GC,viral,3,2023.01.02,35.03,,,None,1_1D,TRUE,Strawberry,Water,,,,,,,
Giacomo,DSC018623,Ai148; GC,viral,4,2023.01.03,34.43,,,None,1_2D,TRUE,Strawberry,Water,,,,,,,
Giacomo,DSC018623,Ai148; GC,viral,5,2023.01.04,32.67,0,,Severe,1_2D,TRUE,Strawberry,Water,,,,,,,
Giacomo,DSC018623,Ai148; GC,viral,6,2023.01.05,34.59,5.77,,None,1_3D,FALSE,Strawberry,Water,,,,,,,
Giacomo,DSC018623,Ai148; GC,viral,7,2023.01.06,34.71,4.66,,None,1_4D,FALSE,Strawberry,Water,,,,,,,
Giacomo,DSC018623,Ai148; GC,viral,8,2023.01.09,35.02,,,None,1_6D,FALSE,Chocolate,Water,,,,,,,
Giacomo,DSC018623,Ai148; GC,viral,9,2023.01.10,35.55,4.86,,None,1_1D,TRUE,Chocolate,Water,,,,,,,
Giacomo,DSC018623,Ai148; GC,viral,10,2023.01.11,34.48,0,,Severe,1_2D,TRUE,Chocolate,Water,,,,,,,
Giacomo,DSC018623,Ai148; GC,viral,11,2023.01.12,34.52,4.55,,None,1_5D,TRUE,Chocolate,Water,,,,,,,
Giacomo,DSC018623,Ai148; GC,viral,12,2023.01.13,34.17,3.78,,None,1_7D,TRUE,Chocolate,Water,,,,,,,
Giacomo,DSC018623,Ai148; GC,viral,13,2023.01.19,34.89,,,None,1_1D,TRUE,Chocolate,Water,,,,,,,
,,,,,,,,,,,,,,,,,,,,
,,,,,,,,,,,,,,,,,,,,
,,,,,,,,,,,,,,,,,,,,
,,,,,,,,,,,,,,,,,,,,
,,,,,,,,,,,,,,,,,,,,
Uwe,DSC018624,Ai148; GC,viral,1,2022.12.29,31.71,0,,Severe,1_1D,TRUE,Strawberry,Water,,,,,,,
Uwe,DSC018624,Ai148; GC,viral,2,2022.12.30,34.26,,,None,1_2D,TRUE,Strawberry,Water,,,,,,,
Uwe,DSC018624,Ai148; GC,viral,3,2023.01.02,34.49,,,None,1_1D,TRUE,Strawberry,Water,,,,,,,
Uwe,DSC018624,Ai148; GC,viral,4,2023.01.03,34.77,,,None,1_2D,TRUE,Strawberry,Water,,,,,,,
Uwe,DSC018624,Ai148; GC,viral,5,2023.01.04,33.47,0,,Severe,1_2D,TRUE,Strawberry,Water,,,,,,,
Uwe,DSC018624,Ai148; GC,viral,6,2023.01.05,34.01,5.27,,None,1_3D,FALSE,Strawberry,Water,,,,,,,
Uwe,DSC018624,Ai148; GC,viral,7,2023.01.06,34.38,4.73,,None,1_4D,FALSE,Strawberry,Water,,,,,,,
Uwe,DSC018624,Ai148; GC,viral,8,2023.01.09,34.79,,,None,1_6D,FALSE,Chocolate,Water,,,,,,,
Uwe,DSC018624,Ai148; GC,viral,9,2023.01.10,34.59,4.77,,None,1_1D,TRUE,Chocolate,Water,,,,,,,
Uwe,DSC018624,Ai148; GC,viral,10,2023.01.11,33.99,0,,Severe,1_2D,TRUE,Chocolate,Water,,,,,,,
Uwe,DSC018624,Ai148; GC,viral,11,2023.01.12,34.21,5.13,,None,1_5D,TRUE,Chocolate,Water,,,,,,,
Uwe,DSC018624,Ai148; GC,viral,12,2023.01.13,34.56,4.85,,None,1_7D,TRUE,Chocolate,Water,,,,,,,
Uwe,DSC018624,Ai148; GC,viral,13,2023.01.19,34.99,,,None,1_1D,TRUE,Chocolate,Water,,,,,,,
,,,,,,,,,,,,,,,,,,,,
,,,,,,,,,,,,,,,,,,,,
,,,,,,,,,,,,,,,,,,,,
Bernd,SNA110212,B6/N; dLight,viral,1,2022.12.29,29.13,0,,Severe,1_1D,TRUE,Strawberry,Water,,,,,,,
Bernd,SNA110212,B6/N; dLight,viral,2,2022.12.30,31.81,,,None,1_2D,TRUE,Strawberry,Water,,,,,,,
Bernd,SNA110212,B6/N; dLight,viral,3,2023.01.02,32.22,,,None,1_1D,TRUE,Strawberry,Water,,,,,,,
Bernd,SNA110212,B6/N; dLight,viral,4,2023.01.03,31.89,,,None,1_2D,TRUE,Strawberry,Water,,,,,,,
Bernd,SNA110212,B6/N; dLight,viral,5,2023.01.04,29.63,0,,Severe,1_2D,TRUE,Strawberry,Water,,,,,,,
Bernd,SNA110212,B6/N; dLight,viral,6,2023.01.05,31.48,6.68,,None,1_3D,FALSE,Strawberry,Water,,,,,,,
Bernd,SNA110212,B6/N; dLight,viral,7,2023.01.06,31.61,5.3,,None,1_4D,FALSE,Strawberry,Water,,,,,,,
Bernd,SNA110212,B6/N; dLight,viral,8,2023.01.09,32.56,,,None,1_6D,FALSE,Chocolate,Water,,,,,,,
Bernd,SNA110212,B6/N; dLight,viral,9,2023.01.10,31.78,5.47,,None,1_1D,TRUE,Chocolate,Water,,,,,,,
Bernd,SNA110212,B6/N; dLight,viral,10,2023.01.11,30.57,0,,Severe,1_2D,TRUE,Chocolate,Water,,,,,,,
Bernd,SNA110212,B6/N; dLight,viral,11,2023.01.12,31.56,5.69,,None,1_5D,TRUE,Chocolate,Water,,,,,,,
Bernd,SNA110212,B6/N; dLight,viral,12,2023.01.13,31.72,5.39,,None,1_7D,TRUE,Chocolate,Water,,,,,,,
,,,,,,,,,,,,,,,,,,,,
,,,,,,,,,,,,,,,,,,,,
,,,,,,,,,,,,,,,,,,,,
,,,,,,,,,,,,,,,,,,,,
,,,,,,,,,,,,,,,,,,,,
,,,,,,,,,,,,,,,,,,,,
Andreas,SNA110213,B6/N; dLight,viral,1,2022.12.29,28.51,0,,Severe,1_1D,TRUE,Strawberry,Water,,,,,,,
Andreas,SNA110213,B6/N; dLight,viral,2,2022.12.30,30.05,,,None,1_2D,TRUE,Strawberry,Water,,,,,,,
Andreas,SNA110213,B6/N; dLight,viral,3,2023.01.02,31.01,,,None,1_1D,TRUE,Strawberry,Water,,,,,,,
Andreas,SNA110213,B6/N; dLight,viral,4,2023.01.03,31.29,,,None,1_2D,TRUE,Strawberry,Water,,,,,,,
Andreas,SNA110213,B6/N; dLight,viral,5,2023.01.04,30.05,0,,Severe,1_2D,TRUE,Strawberry,Water,,,,,,,
Andreas,SNA110213,B6/N; dLight,viral,6,2023.01.05,30.53,3.26,,None,1_3D,FALSE,Strawberry,Water,,,,,,,
Andreas,SNA110213,B6/N; dLight,viral,7,2023.01.06,30.55,4.16,,None,1_4D,FALSE,Strawberry,Water,,,,,,,
Andreas,SNA110213,B6/N; dLight,viral,8,2023.01.09,31.12,,,None,1_6D,FALSE,Chocolate,Water,,,,,,,
Andreas,SNA110213,B6/N; dLight,viral,9,2023.01.10,30.79,4.77,,None,1_1D,TRUE,Chocolate,Water,,,,,,,
Andreas,SNA110213,B6/N; dLight,viral,10,2023.01.11,29.68,0,,Severe,1_2D,TRUE,Chocolate,Water,,,,,,,
Andreas,SNA110213,B6/N; dLight,viral,11,2023.01.12,30.48,6.45,,None,1_5D,TRUE,Chocolate,Water,,,,,,,
Andreas,SNA110213,B6/N; dLight,viral,12,2023.01.13,30.31,3.83,,None,1_7D,TRUE,Chocolate,Water,,,,,,,
,,,,,,,,,,,,,,,,,,,,
,,,,,,,,,,,,,,,,,,,,
,,,,,,,,,,,,,,,,,,,,
,,,,,,,,,,,,,,,,,,,,
,,,,,,,,,,,,,,,,,,,,
Jäcke,SNA110215,B6/N; dLight,viral,1,2022.12.29,25.94,0,,Severe,1_1D,TRUE,Strawberry,Water,,,,,,,
Jäcke,SNA110215,B6/N; dLight,viral,2,2022.12.30,29.28,,,None,1_2D,TRUE,Strawberry,Water,,,,,,,
Jäcke,SNA110215,B6/N; dLight,viral,3,2023.01.02,29.67,,,None,1_1D,TRUE,Strawberry,Water,,,,,,,
Jäcke,SNA110215,B6/N; dLight,viral,4,2023.01.03,29.38,,,None,1_2D,TRUE,Strawberry,Water,,,,,,,
Jäcke,SNA110215,B6/N; dLight,viral,5,2023.01.04,27.26,,,Severe,1_2D,TRUE,Strawberry,Water,,,,,,,
Jäcke,SNA110215,B6/N; dLight,viral,6,2023.01.05,29.42,4.15,,None,1_3D,FALSE,Strawberry,Water,,,,,,,
Jäcke,SNA110215,B6/N; dLight,viral,7,2023.01.06,29.01,3.97,,None,1_4D,FALSE,Strawberry,Water,,,,,,,
Jäcke,SNA110215,B6/N; dLight,viral,8,2023.01.09,29.19,,,None,1_6D,FALSE,Chocolate,Water,,,,,,,
Jäcke,SNA110215,B6/N; dLight,viral,9,2023.01.10,29.51,3.48,,None,1_1D,TRUE,Chocolate,Water,,,,,,,
Jäcke,SNA110215,B6/N; dLight,viral,10,2023.01.11,27.31,0,,Severe,1_2D,TRUE,Chocolate,Water,,,,,,,
Jäcke,SNA110215,B6/N; dLight,viral,11,2023.01.12,29.03,4.23,,None,1_5D,TRUE,Chocolate,Water,,,,,,,
Jäcke,SNA110215,B6/N; dLight,viral,12,2023.01.13,29.24,3.71,,None,1_7D,TRUE,Chocolate,Water,,,,,,,